Crop Name,District Name,Crop Year,Revenue per Hectare (INR)
Barley,Gangtok,1997,2700
Barley,Gangtok,1998,2144
Barley,Gangtok,1999,4118
Barley,Gangtok,2000,3326
Barley,Gangtok,2001,4012
Barley,Gangtok,2002,3855
Barley,Gangtok,2003,3750
Barley,Gangtok,2004,3864
Barley,Gangtok,2005,4195
Barley,Gangtok,2006,4071
Barley,Gangtok,2007,4577
Barley,Gangtok,2008,4252
Barley,Gangtok,2009,4512
Barley,Gangtok,2010,5220
Barley,Gangtok,2011,5927
Barley,Gangtok,2012,10208
Barley,Gangtok,2013,11957
Barley,Gangtok,2014,12318
Barley,Gangtok,2015,13230
Barley,Gangtok,2016,14402
Barley,Gangtok,2017,15353
Barley,Gangtok,2018,16533
Barley,Gangtok,2019,17530
Barley,Gangtok,2020,18400
Barley,Gangtok,2021,16486
Barley,Gangtok,2022,19686
Barley,Geyzing,1997,3738
Barley,Geyzing,1998,3600
Barley,Geyzing,1999,4169
Barley,Geyzing,2000,3029
Barley,Geyzing,2001,4202
Barley,Geyzing,2002,4764
Barley,Geyzing,2003,4400
Barley,Geyzing,2004,4533
Barley,Geyzing,2005,4812
Barley,Geyzing,2006,4872
Barley,Geyzing,2007,3942
Barley,Geyzing,2008,5222
Barley,Geyzing,2009,4909
Barley,Geyzing,2010,5655
Barley,Geyzing,2011,6350
Barley,Geyzing,2012,8820
Barley,Geyzing,2013,9900
Barley,Geyzing,2014,10350
Barley,Geyzing,2015,11229
Barley,Geyzing,2016,12231
Barley,Geyzing,2021,15398
Barley,Mangan,1997,3726
Barley,Mangan,1998,3726
Barley,Mangan,1999,3864
Barley,Mangan,2000,2900
Barley,Mangan,2001,2037
Barley,Mangan,2002,2286
Barley,Mangan,2003,2593
Barley,Mangan,2004,2914
Barley,Mangan,2005,3550
Barley,Mangan,2006,3257
Barley,Mangan,2007,4300
Barley,Mangan,2008,3760
Barley,Mangan,2009,5042
Barley,Mangan,2010,6836
Barley,Mangan,2011,7257
Barley,Mangan,2012,10500
Barley,Mangan,2013,11864
Barley,Mangan,2014,12321
Barley,Mangan,2015,13388
Barley,Mangan,2016,14575
Barley,Mangan,2017,15559
Barley,Mangan,2018,17177
Barley,Mangan,2019,18155
Barley,Mangan,2020,19068
Barley,Mangan,2021,16073
Barley,Mangan,2022,20773
Barley,Namchi,1997,2314
Barley,Namchi,1998,1989
Barley,Namchi,1999,4200
Barley,Namchi,2000,2900
Barley,Namchi,2001,2356
Barley,Namchi,2002,3200
Barley,Namchi,2003,4950
Barley,Namchi,2004,5100
Barley,Namchi,2005,5680
Barley,Namchi,2006,3800
Barley,Namchi,2007,3010
Barley,Namchi,2008,4387
Barley,Namchi,2009,4167
Barley,Namchi,2010,4847
Barley,Namchi,2011,5080
Barley,Namchi,2012,8909
Barley,Namchi,2013,10100
Barley,Namchi,2014,10350
Barley,Namchi,2015,11375
Barley,Namchi,2016,12304
Barley,Namchi,2017,12972
Barley,Namchi,2018,14367
Barley,Namchi,2019,15250
Barley,Namchi,2021,16113
Barley,Namchi,2022,17350
Barley,Pakyong,2022,12476
Maize,Gangtok,1997,3130
Maize,Gangtok,1998,3820
Maize,Gangtok,1999,3125
Maize,Gangtok,2000,3614
Maize,Gangtok,2001,3767
Maize,Gangtok,2002,3710
Maize,Gangtok,2003,4785
Maize,Gangtok,2004,4999
Maize,Gangtok,2005,5607
Maize,Gangtok,2006,6113
Maize,Gangtok,2007,5555
Maize,Gangtok,2008,18346
Maize,Gangtok,2009,14066
Maize,Gangtok,2010,15198
Maize,Gangtok,2011,17031
Maize,Gangtok,2012,19974
Maize,Gangtok,2013,22416
Maize,Gangtok,2014,22697
Maize,Gangtok,2015,23049
Maize,Gangtok,2016,23870
Maize,Gangtok,2017,24938
Maize,Gangtok,2018,29750
Maize,Gangtok,2019,30920
Maize,Gangtok,2020,32502
Maize,Gangtok,2021,32910
Maize,Gangtok,2022,34407
Maize,Geyzing,1997,3088
Maize,Geyzing,1998,3130
Maize,Geyzing,1999,3150
Maize,Geyzing,2000,3490
Maize,Geyzing,2001,3381
Maize,Geyzing,2002,3872
Maize,Geyzing,2003,5542
Maize,Geyzing,2004,6122
Maize,Geyzing,2005,6659
Maize,Geyzing,2006,6390
Maize,Geyzing,2007,7276
Maize,Geyzing,2008,10450
Maize,Geyzing,2009,14187
Maize,Geyzing,2010,14696
Maize,Geyzing,2011,16461
Maize,Geyzing,2012,20072
Maize,Geyzing,2013,22668
Maize,Geyzing,2014,22977
Maize,Geyzing,2015,23180
Maize,Geyzing,2016,23915
Maize,Geyzing,2017,25037
Maize,Geyzing,2018,29869
Maize,Geyzing,2019,30924
Maize,Geyzing,2020,32523
Maize,Geyzing,2021,32893
Maize,Geyzing,2022,33983
Maize,Mangan,1997,3086
Maize,Mangan,1998,1622
Maize,Mangan,1999,3027
Maize,Mangan,2000,3465
Maize,Mangan,2001,3173
Maize,Mangan,2002,3445
Maize,Mangan,2003,5007
Maize,Mangan,2004,6500
Maize,Mangan,2005,7255
Maize,Mangan,2006,6464
Maize,Mangan,2007,7110
Maize,Mangan,2008,9916
Maize,Mangan,2009,11421
Maize,Mangan,2010,12293
Maize,Mangan,2011,13670
Maize,Mangan,2012,17604
Maize,Mangan,2013,20126
Maize,Mangan,2014,20670
Maize,Mangan,2015,21073
Maize,Mangan,2016,21821
Maize,Mangan,2017,22799
Maize,Mangan,2018,27200
Maize,Mangan,2019,28176
Maize,Mangan,2020,29686
Maize,Mangan,2021,30069
Maize,Mangan,2022,31549
Maize,Namchi,1997,2918
Maize,Namchi,1998,2812
Maize,Namchi,1999,2876
Maize,Namchi,2000,3463
Maize,Namchi,2001,3437
Maize,Namchi,2002,3975
Maize,Namchi,2003,4950
Maize,Namchi,2004,5250
Maize,Namchi,2005,56531
Maize,Namchi,2006,6062
Maize,Namchi,2007,9449
Maize,Namchi,2008,5911
Maize,Namchi,2009,13652
Maize,Namchi,2010,143173
Maize,Namchi,2011,16027
Maize,Namchi,2012,20339
Maize,Namchi,2013,23069
Maize,Namchi,2014,23350
Maize,Namchi,2015,23831
Maize,Namchi,2016,24880
Maize,Namchi,2017,25992
Maize,Namchi,2018,31009
Maize,Namchi,2019,32119
Maize,Namchi,2020,33761
Maize,Namchi,2021,34236
Maize,Namchi,2022,35921
Maize,Pakyong,2022,34834
Maize,Soreng,2022,36497
Other Cereals,Gangtok,2000,1741
Other Cereals,Gangtok,2004,2938
Other Cereals,Gangtok,2005,3259
Other Cereals,Gangtok,2006,3480
Other Cereals,Gangtok,2007,3654
Other Cereals,Gangtok,2008,5835
Other Cereals,Gangtok,2009,7863
Other Cereals,Gangtok,2010,8238
Other Cereals,Gangtok,2016,13627
Other Cereals,Gangtok,2017,14227
Other Cereals,Gangtok,2018,16972
Other Cereals,Gangtok,2019,17716
Other Cereals,Gangtok,2020,18624
Other Cereals,Gangtok,2021,1886
Other Cereals,Gangtok,2022,19929
Other Cereals,Geyzing,2000,1832
Other Cereals,Geyzing,2004,2873
Other Cereals,Geyzing,2005,3051
Other Cereals,Geyzing,2006,3799
Other Cereals,Geyzing,2007,5200
Other Cereals,Geyzing,2008,6114
Other Cereals,Geyzing,2009,7340
Other Cereals,Geyzing,2010,7690
Other Cereals,Geyzing,2016,12686
Other Cereals,Geyzing,2017,13250
Other Cereals,Geyzing,2018,15786
Other Cereals,Geyzing,2019,16346
Other Cereals,Geyzing,2020,17417
Other Cereals,Geyzing,2021,1761
Other Cereals,Geyzing,2022,18592
Other Cereals,Mangan,2000,1732
Other Cereals,Mangan,2004,2100
Other Cereals,Mangan,2005,2555
Other Cereals,Mangan,2006,2730
Other Cereals,Mangan,2007,4333
Other Cereals,Mangan,2008,5787
Other Cereals,Mangan,2009,6966
Other Cereals,Mangan,2010,7304
Other Cereals,Mangan,2016,13262
Other Cereals,Mangan,2017,13845
Other Cereals,Mangan,2018,16553
Other Cereals,Mangan,2019,17107
Other Cereals,Mangan,2020,18153
Other Cereals,Mangan,2021,18383
Other Cereals,Mangan,2022,19162
Other Cereals,Namchi,2000,1864
Other Cereals,Namchi,2004,2534
Other Cereals,Namchi,2005,2769
Other Cereals,Namchi,2006,2971
Other Cereals,Namchi,2007,3120
Other Cereals,Namchi,2008,6020
Other Cereals,Namchi,2009,8016
Other Cereals,Namchi,2010,8494
Other Cereals,Namchi,2016,13377
Other Cereals,Namchi,2017,13969
Other Cereals,Namchi,2018,16665
Other Cereals,Namchi,2019,17304
Other Cereals,Namchi,2020,18190
Other Cereals,Namchi,2021,1843
Other Cereals,Namchi,2022,19337
Other Cereals,Pakyong,2022,19826
Other Cereals,Soreng,2022,18483
Other Kharif Pulses,Gangtok,2000,7923
Other Kharif Pulses,Gangtok,2001,9776
Other Kharif Pulses,Gangtok,2002,12581
Other Kharif Pulses,Gangtok,2004,1371
Other Kharif Pulses,Gangtok,2005,15786
Other Kharif Pulses,Gangtok,2006,1429
Other Kharif Pulses,Gangtok,2007,16261
Other Kharif Pulses,Gangtok,2008,21490
Other Kharif Pulses,Gangtok,2009,28099
Other Kharif Pulses,Gangtok,2010,26374
Other Kharif Pulses,Gangtok,2011,29920
Other Kharif Pulses,Gangtok,2012,39982
Other Kharif Pulses,Gangtok,2013,41170
Other Kharif Pulses,Gangtok,2014,41649
Other Kharif Pulses,Gangtok,2015,44676
Other Kharif Pulses,Gangtok,2016,48750
Other Kharif Pulses,Gangtok,2017,52627
Other Kharif Pulses,Gangtok,2018,54658
Other Kharif Pulses,Gangtok,2019,56127
Other Kharif Pulses,Gangtok,2020,59212
Other Kharif Pulses,Gangtok,2021,62308
Other Kharif Pulses,Gangtok,2022,68619
Other Kharif Pulses,Geyzing,2000,11190
Other Kharif Pulses,Geyzing,2001,12195
Other Kharif Pulses,Geyzing,2002,15955
Other Kharif Pulses,Geyzing,2004,16160
Other Kharif Pulses,Geyzing,2005,17680
Other Kharif Pulses,Geyzing,2006,17284
Other Kharif Pulses,Geyzing,2007,1214
Other Kharif Pulses,Geyzing,2008,19000
Other Kharif Pulses,Geyzing,2009,20270
Other Kharif Pulses,Geyzing,2010,233074
Other Kharif Pulses,Geyzing,2011,28233
Other Kharif Pulses,Geyzing,2012,38173
Other Kharif Pulses,Geyzing,2013,38222
Other Kharif Pulses,Geyzing,2014,38567
Other Kharif Pulses,Geyzing,2015,41812
Other Kharif Pulses,Geyzing,2016,45441
Other Kharif Pulses,Geyzing,2017,49185
Other Kharif Pulses,Geyzing,2018,50926
Other Kharif Pulses,Geyzing,2019,52064
Other Kharif Pulses,Geyzing,2020,55299
Other Kharif Pulses,Geyzing,2021,58124
Other Kharif Pulses,Geyzing,2022,69545
Other Kharif Pulses,Mangan,2000,8773
Other Kharif Pulses,Mangan,2001,9167
Other Kharif Pulses,Mangan,2002,12000
Other Kharif Pulses,Mangan,2004,8000
Other Kharif Pulses,Mangan,2005,13000
Other Kharif Pulses,Mangan,2006,23333
Other Kharif Pulses,Mangan,2007,12526
Other Kharif Pulses,Mangan,2008,17100
Other Kharif Pulses,Mangan,2009,22909
Other Kharif Pulses,Mangan,2010,26441
Other Kharif Pulses,Mangan,2011,30938
Other Kharif Pulses,Mangan,2012,39417
Other Kharif Pulses,Mangan,2013,39560
Other Kharif Pulses,Mangan,2014,40278
Other Kharif Pulses,Mangan,2015,43652
Other Kharif Pulses,Mangan,2016,47222
Other Kharif Pulses,Mangan,2017,51065
Other Kharif Pulses,Mangan,2018,52864
Other Kharif Pulses,Mangan,2019,54129
Other Kharif Pulses,Mangan,2020,57617
Other Kharif Pulses,Mangan,2021,60766
Other Kharif Pulses,Mangan,2022,64576
Other Kharif Pulses,Namchi,2000,11135
Other Kharif Pulses,Namchi,2001,13125
Other Kharif Pulses,Namchi,2002,15771
Other Kharif Pulses,Namchi,2004,15833
Other Kharif Pulses,Namchi,2005,18056
Other Kharif Pulses,Namchi,2006,20222
Other Kharif Pulses,Namchi,2007,13970
Other Kharif Pulses,Namchi,2008,21549
Other Kharif Pulses,Namchi,2009,28286
Other Kharif Pulses,Namchi,2010,29000
Other Kharif Pulses,Namchi,2011,33000
Other Kharif Pulses,Namchi,2012,42672
Other Kharif Pulses,Namchi,2013,43328
Other Kharif Pulses,Namchi,2014,43830
Other Kharif Pulses,Namchi,2015,47380
Other Kharif Pulses,Namchi,2016,51250
Other Kharif Pulses,Namchi,2017,55350
Other Kharif Pulses,Namchi,2018,57372
Other Kharif Pulses,Namchi,2019,58854
Other Kharif Pulses,Namchi,2020,62254
Other Kharif Pulses,Namchi,2021,65516
Other Kharif Pulses,Namchi,2022,71615
Other Kharif Pulses,Pakyong,2022,61924
Other Kharif Pulses,Soreng,2022,45986
Other Oilseeds,Gangtok,2000,3250
Other Oilseeds,Geyzing,2000,3250
Other Oilseeds,Geyzing,2002,3600
Other Oilseeds,Geyzing,2003,4450
Other Oilseeds,Geyzing,2004,4550
Other Oilseeds,Geyzing,2005,9450
Other Oilseeds,Namchi,2000,2275
Other Oilseeds,Namchi,2002,3600
Other Oilseeds,Namchi,2003,4450
Other Oilseeds,Namchi,2004,4550
Other Oilseeds,Namchi,2005,7088
Other Rabi Pulses,Gangtok,1997,2916
Other Rabi Pulses,Gangtok,1998,3024
Other Rabi Pulses,Geyzing,1997,3208
Other Rabi Pulses,Geyzing,1998,3214
Other Rabi Pulses,Mangan,1997,2700
Other Rabi Pulses,Mangan,1998,2520
Other Rabi Pulses,Namchi,1997,3198
Other Rabi Pulses,Namchi,1998,2700
Potato,Gangtok,2002,37417
Potato,Gangtok,2003,37398
Potato,Geyzing,2002,23993
Potato,Geyzing,2003,34544
Potato,Mangan,2002,18667
Potato,Mangan,2003,34065
Potato,Namchi,2002,62641
Potato,Namchi,2003,36590
Rapeseed & Mustard,Gangtok,1997,9866
Rapeseed & Mustard,Gangtok,1998,5606
Rapeseed & Mustard,Gangtok,1999,10868
Rapeseed & Mustard,Gangtok,2000,11645
Rapeseed & Mustard,Gangtok,2001,10609
Rapeseed & Mustard,Gangtok,2002,12115
Rapeseed & Mustard,Gangtok,2003,7318
Rapeseed & Mustard,Gangtok,2004,95900
Rapeseed & Mustard,Gangtok,2005,10054
Rapeseed & Mustard,Gangtok,2006,12416
Rapeseed & Mustard,Gangtok,2007,12756
Rapeseed & Mustard,Gangtok,2008,16241
Rapeseed & Mustard,Gangtok,2009,16025
Rapeseed & Mustard,Gangtok,2010,20599
Rapeseed & Mustard,Gangtok,2011,20541
Rapeseed & Mustard,Gangtok,2012,23598
Rapeseed & Mustard,Gangtok,2013,24215
Rapeseed & Mustard,Gangtok,2014,24608
Rapeseed & Mustard,Gangtok,2015,27205
Rapeseed & Mustard,Gangtok,2016,31879
Rapeseed & Mustard,Gangtok,2017,34517
Rapeseed & Mustard,Gangtok,2018,36302
Rapeseed & Mustard,Gangtok,2019,38358
Rapeseed & Mustard,Gangtok,2020,40313
Rapeseed & Mustard,Gangtok,2021,43858
Rapeseed & Mustard,Gangtok,2022,47517
Rapeseed & Mustard,Geyzing,1997,10700
Rapeseed & Mustard,Geyzing,1998,6377
Rapeseed & Mustard,Geyzing,1999,10814
Rapeseed & Mustard,Geyzing,2000,10428
Rapeseed & Mustard,Geyzing,2001,10445
Rapeseed & Mustard,Geyzing,2002,10685
Rapeseed & Mustard,Geyzing,2003,9570
Rapeseed & Mustard,Geyzing,2004,9798
Rapeseed & Mustard,Geyzing,2005,10747
Rapeseed & Mustard,Geyzing,2006,13034
Rapeseed & Mustard,Geyzing,2007,10189
Rapeseed & Mustard,Geyzing,2008,14890
Rapeseed & Mustard,Geyzing,2009,12912
Rapeseed & Mustard,Geyzing,2010,17208
Rapeseed & Mustard,Geyzing,2011,20000
Rapeseed & Mustard,Geyzing,2012,24393
Rapeseed & Mustard,Geyzing,2013,25213
Rapeseed & Mustard,Geyzing,2014,25554
Rapeseed & Mustard,Geyzing,2015,28944
Rapeseed & Mustard,Geyzing,2016,32190
Rapeseed & Mustard,Geyzing,2017,34760
Rapeseed & Mustard,Geyzing,2018,36351
Rapeseed & Mustard,Geyzing,2019,38563
Rapeseed & Mustard,Geyzing,2020,40616
Rapeseed & Mustard,Geyzing,2021,204444
Rapeseed & Mustard,Geyzing,2022,48046
Rapeseed & Mustard,Mangan,1997,9123
Rapeseed & Mustard,Mangan,1998,5617
Rapeseed & Mustard,Mangan,1999,8600
Rapeseed & Mustard,Mangan,2000,8036
Rapeseed & Mustard,Mangan,2001,6018
Rapeseed & Mustard,Mangan,2002,6161
Rapeseed & Mustard,Mangan,2003,13186
Rapeseed & Mustard,Mangan,2004,9717
Rapeseed & Mustard,Mangan,2005,9872
Rapeseed & Mustard,Mangan,2006,11944
Rapeseed & Mustard,Mangan,2007,9818
Rapeseed & Mustard,Mangan,2008,16220
Rapeseed & Mustard,Mangan,2009,114375
Rapeseed & Mustard,Mangan,2010,14699
Rapeseed & Mustard,Mangan,2011,17157
Rapeseed & Mustard,Mangan,2012,20323
Rapeseed & Mustard,Mangan,2013,21055
Rapeseed & Mustard,Mangan,2014,21300
Rapeseed & Mustard,Mangan,2015,23774
Rapeseed & Mustard,Mangan,2016,26531
Rapeseed & Mustard,Mangan,2017,28774
Rapeseed & Mustard,Mangan,2018,30484
Rapeseed & Mustard,Mangan,2019,32092
Rapeseed & Mustard,Mangan,2020,33683
Rapeseed & Mustard,Mangan,2021,36612
Rapeseed & Mustard,Mangan,2022,39874
Rapeseed & Mustard,Namchi,1997,9862
Rapeseed & Mustard,Namchi,1998,5831
Rapeseed & Mustard,Namchi,1999,8857
Rapeseed & Mustard,Namchi,2000,8776
Rapeseed & Mustard,Namchi,2001,9995
Rapeseed & Mustard,Namchi,2002,10541
Rapeseed & Mustard,Namchi,2003,9840
Rapeseed & Mustard,Namchi,2004,9986
Rapeseed & Mustard,Namchi,2005,11508
Rapeseed & Mustard,Namchi,2006,15039
Rapeseed & Mustard,Namchi,2007,13824
Rapeseed & Mustard,Namchi,2008,14751
Rapeseed & Mustard,Namchi,2009,14800
Rapeseed & Mustard,Namchi,2010,19059
Rapeseed & Mustard,Namchi,2011,20377
Rapeseed & Mustard,Namchi,2012,24926
Rapeseed & Mustard,Namchi,2013,27809
Rapeseed & Mustard,Namchi,2014,28219
Rapeseed & Mustard,Namchi,2015,31245
Rapeseed & Mustard,Namchi,2016,34597
Rapeseed & Mustard,Namchi,2017,37384
Rapeseed & Mustard,Namchi,2018,39188
Rapeseed & Mustard,Namchi,2019,41311
Rapeseed & Mustard,Namchi,2020,43441
Rapeseed & Mustard,Namchi,2021,47297
Rapeseed & Mustard,Namchi,2022,51386
Rapeseed & Mustard,Pakyong,2022,47890
Rapeseed & Mustard,Soreng,2022,47637
Rice,Gangtok,1997,5620
Rice,Gangtok,1998,6110
Rice,Gangtok,1999,7255
Rice,Gangtok,2000,6656
Rice,Gangtok,2001,7524
Rice,Gangtok,2002,7553
Rice,Gangtok,2003,7613
Rice,Gangtok,2004,85067
Rice,Gangtok,2005,8821
Rice,Gangtok,2006,8964
Rice,Gangtok,2007,10642
Rice,Gangtok,2008,13034
Rice,Gangtok,2009,16245
Rice,Gangtok,2010,17519
Rice,Gangtok,2011,18955
Rice,Gangtok,2012,22327
Rice,Gangtok,2013,23585
Rice,Gangtok,2014,24547
Rice,Gangtok,2015,25637
Rice,Gangtok,2016,26885
Rice,Gangtok,2017,28576
Rice,Gangtok,2018,32329
Rice,Gangtok,2019,33685
Rice,Gangtok,2020,34669
Rice,Gangtok,2021,36035
Rice,Gangtok,2022,37717
Rice,Geyzing,1997,5747
Rice,Geyzing,1998,6117
Rice,Geyzing,1999,7286
Rice,Geyzing,2000,7583
Rice,Geyzing,2001,7867
Rice,Geyzing,2002,8196
Rice,Geyzing,2003,8196
Rice,Geyzing,2004,8378
Rice,Geyzing,2005,86225
Rice,Geyzing,2006,88055
Rice,Geyzing,2007,11956
Rice,Geyzing,2008,13246
Rice,Geyzing,2009,17269
Rice,Geyzing,2010,18169
Rice,Geyzing,2011,19631
Rice,Geyzing,2012,23442
Rice,Geyzing,2013,24873
Rice,Geyzing,2014,25853
Rice,Geyzing,2015,27354
Rice,Geyzing,2016,28673
Rice,Geyzing,2017,30323
Rice,Geyzing,2018,34273
Rice,Geyzing,2019,35550
Rice,Geyzing,2020,36760
Rice,Geyzing,2021,38186
Rice,Geyzing,2022,40284
Rice,Mangan,1997,5669
Rice,Mangan,1998,6008
Rice,Mangan,1999,7166
Rice,Mangan,2000,7458
Rice,Mangan,2001,7763
Rice,Mangan,2002,7425
Rice,Mangan,2003,7260
Rice,Mangan,2004,5600
Rice,Mangan,2005,17575
Rice,Mangan,2006,5800
Rice,Mangan,2007,6644
Rice,Mangan,2008,7972
Rice,Mangan,2009,10165
Rice,Mangan,2010,11400
Rice,Mangan,2011,12247
Rice,Mangan,2012,16837
Rice,Mangan,2013,18695
Rice,Mangan,2014,19507
Rice,Mangan,2015,20644
Rice,Mangan,2016,21906
Rice,Mangan,2017,23242
Rice,Mangan,2018,26250
Rice,Mangan,2019,27294
Rice,Mangan,2020,28192
Rice,Mangan,2021,29163
Rice,Mangan,2022,30832
Rice,Namchi,1997,5654
Rice,Namchi,1998,5995
Rice,Namchi,1999,7003
Rice,Namchi,2000,7289
Rice,Namchi,2001,7135
Rice,Namchi,2002,8344
Rice,Namchi,2003,8344
Rice,Namchi,2004,8161
Rice,Namchi,2005,9183
Rice,Namchi,2006,9457
Rice,Namchi,2007,10712
Rice,Namchi,2008,13174
Rice,Namchi,2009,16874
Rice,Namchi,2010,17784
Rice,Namchi,2011,19205
Rice,Namchi,2012,23140
Rice,Namchi,2013,25015
Rice,Namchi,2014,25940
Rice,Namchi,2015,27451
Rice,Namchi,2016,28814
Rice,Namchi,2017,30432
Rice,Namchi,2018,34407
Rice,Namchi,2019,35699
Rice,Namchi,2020,36739
Rice,Namchi,2021,38176
Rice,Namchi,2022,40668
Rice,Pakyong,2022,38192
Rice,Soreng,2022,40217
Small Millets,Gangtok,1997,2755
Small Millets,Gangtok,1998,2898
Small Millets,Gangtok,2000,2844
Small Millets,Gangtok,2001,3319
Small Millets,Gangtok,2002,3096
Small Millets,Gangtok,2003,2916
Small Millets,Gangtok,2004,3096
Small Millets,Gangtok,2005,33880
Small Millets,Gangtok,2006,3311
Small Millets,Gangtok,2007,551
Small Millets,Gangtok,2008,6559
Small Millets,Gangtok,2009,8538
Small Millets,Gangtok,2010,8716
Small Millets,Gangtok,2011,9683
Small Millets,Gangtok,2012,15517
Small Millets,Gangtok,2013,15536
Small Millets,Gangtok,2014,15846
Small Millets,Gangtok,2015,16454
Small Millets,Gangtok,2016,17248
Small Millets,Gangtok,2017,18047
Small Millets,Gangtok,2018,25911
Small Millets,Gangtok,2019,27326
Small Millets,Gangtok,2020,28215
Small Millets,Gangtok,2021,29559
Small Millets,Gangtok,2022,31752
Small Millets,Geyzing,1997,2746
Small Millets,Geyzing,1998,2871
Small Millets,Geyzing,2000,3030
Small Millets,Geyzing,2001,3292
Small Millets,Geyzing,2002,3138
Small Millets,Geyzing,2003,3103
Small Millets,Geyzing,2004,3103
Small Millets,Geyzing,2005,3584
Small Millets,Geyzing,2006,3722
Small Millets,Geyzing,2007,6078
Small Millets,Geyzing,2008,6821
Small Millets,Geyzing,2009,8820
Small Millets,Geyzing,2010,8637
Small Millets,Geyzing,2011,9674
Small Millets,Geyzing,2012,15395
Small Millets,Geyzing,2013,15513
Small Millets,Geyzing,2014,15904
Small Millets,Geyzing,2015,16429
Small Millets,Geyzing,2016,17333
Small Millets,Geyzing,2017,18181
Small Millets,Geyzing,2018,25962
Small Millets,Geyzing,2019,27284
Small Millets,Geyzing,2020,28183
Small Millets,Geyzing,2021,29538
Small Millets,Geyzing,2022,32014
Small Millets,Mangan,1997,2693
Small Millets,Mangan,1998,2802
Small Millets,Mangan,2000,2944
Small Millets,Mangan,2001,2289
Small Millets,Mangan,2002,1991
Small Millets,Mangan,2003,2870
Small Millets,Mangan,2004,2765
Small Millets,Mangan,2005,3013
Small Millets,Mangan,2006,3571
Small Millets,Mangan,2007,4269
Small Millets,Mangan,2008,6650
Small Millets,Mangan,2009,9880
Small Millets,Mangan,2010,8316
Small Millets,Mangan,2011,9157
Small Millets,Mangan,2012,13750
Small Millets,Mangan,2013,14016
Small Millets,Mangan,2014,14297
Small Millets,Mangan,2015,15056
Small Millets,Mangan,2016,15744
Small Millets,Mangan,2017,16498
Small Millets,Mangan,2018,23702
Small Millets,Mangan,2019,24873
Small Millets,Mangan,2020,25685
Small Millets,Mangan,2021,26939
Small Millets,Mangan,2022,29262
Small Millets,Namchi,1997,2755
Small Millets,Namchi,1998,2898
Small Millets,Namchi,2000,3040
Small Millets,Namchi,2001,3327
Small Millets,Namchi,2002,3327
Small Millets,Namchi,2003,3422
Small Millets,Namchi,2004,3422
Small Millets,Namchi,2005,3850
Small Millets,Namchi,2006,3850
Small Millets,Namchi,2007,4800
Small Millets,Namchi,2008,6337
Small Millets,Namchi,2009,8379
Small Millets,Namchi,2010,8202
Small Millets,Namchi,2011,9119
Small Millets,Namchi,2012,14600
Small Millets,Namchi,2013,14800
Small Millets,Namchi,2014,15096
Small Millets,Namchi,2015,15924
Small Millets,Namchi,2016,16644
Small Millets,Namchi,2017,17425
Small Millets,Namchi,2018,25053
Small Millets,Namchi,2019,26305
Small Millets,Namchi,2020,27136
Small Millets,Namchi,2021,28440
Small Millets,Namchi,2022,30903
Small Millets,Pakyong,2022,32254
Small Millets,Soreng,2022,32062
Soyabean,Gangtok,1997,4860
Soyabean,Gangtok,1998,4698
Soyabean,Gangtok,1999,5229
Soyabean,Gangtok,2000,5395
Soyabean,Gangtok,2001,5372
Soyabean,Gangtok,2002,5059
Soyabean,Gangtok,2003,7457
Soyabean,Gangtok,2004,7887
Soyabean,Gangtok,2005,8820
Soyabean,Gangtok,2006,9750
Soyabean,Gangtok,2007,9275
Soyabean,Gangtok,2008,12334
Soyabean,Gangtok,2009,12600
Soyabean,Gangtok,2010,13896
Soyabean,Gangtok,2011,15790
Soyabean,Gangtok,2012,21522
Soyabean,Gangtok,2013,24620
Soyabean,Gangtok,2014,25228
Soyabean,Gangtok,2015,26000
Soyabean,Gangtok,2016,27775
Soyabean,Gangtok,2017,30527
Soyabean,Gangtok,2018,34023
Soyabean,Gangtok,2019,37172
Soyabean,Gangtok,2020,38875
Soyabean,Gangtok,2022,43144
Soyabean,Geyzing,1997,4938
Soyabean,Geyzing,1998,4394
Soyabean,Geyzing,1999,5273
Soyabean,Geyzing,2000,5446
Soyabean,Geyzing,2001,5541
Soyabean,Geyzing,2002,5333
Soyabean,Geyzing,2003,7252
Soyabean,Geyzing,2004,7402
Soyabean,Geyzing,2005,7616
Soyabean,Geyzing,2006,9750
Soyabean,Geyzing,2007,9333
Soyabean,Geyzing,2008,12284
Soyabean,Geyzing,2009,12600
Soyabean,Geyzing,2010,12612
Soyabean,Geyzing,2011,14420
Soyabean,Geyzing,2012,20151
Soyabean,Geyzing,2013,22934
Soyabean,Geyzing,2014,23509
Soyabean,Geyzing,2015,24762
Soyabean,Geyzing,2016,26420
Soyabean,Geyzing,2017,29059
Soyabean,Geyzing,2018,32416
Soyabean,Geyzing,2019,35478
Soyabean,Geyzing,2020,37078
Soyabean,Geyzing,2021,37757
Soyabean,Geyzing,2022,41397
Soyabean,Mangan,1997,4725
Soyabean,Mangan,1998,2248
Soyabean,Mangan,1999,4190
Soyabean,Mangan,2000,4371
Soyabean,Mangan,2001,4658
Soyabean,Mangan,2002,4320
Soyabean,Mangan,2003,6675
Soyabean,Mangan,2004,7052
Soyabean,Mangan,2005,7324
Soyabean,Mangan,2006,9750
Soyabean,Mangan,2007,81375
Soyabean,Mangan,2008,11583
Soyabean,Mangan,2009,11886
Soyabean,Mangan,2010,11894
Soyabean,Mangan,2011,13750
Soyabean,Mangan,2012,18333
Soyabean,Mangan,2013,21417
Soyabean,Mangan,2014,21931
Soyabean,Mangan,2015,22384
Soyabean,Mangan,2016,24050
Soyabean,Mangan,2017,26561
Soyabean,Mangan,2018,29571
Soyabean,Mangan,2019,32250
Soyabean,Mangan,2020,33844
Soyabean,Mangan,2021,34442
Soyabean,Mangan,2022,37520
Soyabean,Namchi,1997,5077
Soyabean,Namchi,1998,3480
Soyabean,Namchi,1999,5310
Soyabean,Namchi,2000,5479
Soyabean,Namchi,2001,5586
Soyabean,Namchi,2002,5914
Soyabean,Namchi,2003,7565
Soyabean,Namchi,2004,780
Soyabean,Namchi,2005,83700
Soyabean,Namchi,2006,9750
Soyabean,Namchi,2007,9177
Soyabean,Namchi,2008,12189
Soyabean,Namchi,2009,12652
Soyabean,Namchi,2010,12672
Soyabean,Namchi,2011,14679
Soyabean,Namchi,2012,20786
Soyabean,Namchi,2013,24138
Soyabean,Namchi,2014,24723
Soyabean,Namchi,2015,25603
Soyabean,Namchi,2016,27335
Soyabean,Namchi,2017,30043
Soyabean,Namchi,2018,33534
Soyabean,Namchi,2019,36595
Soyabean,Namchi,2020,38280
Soyabean,Namchi,2021,39024
Soyabean,Namchi,2022,42485
Soyabean,Pakyong,2021,39577
Soyabean,Pakyong,2022,43061
Soyabean,Soreng,2022,40196
Urad,Gangtok,1997,6041
Urad,Gangtok,1998,6343
Urad,Gangtok,1999,6796
Urad,Gangtok,2000,4700
Urad,Gangtok,2001,5000
Urad,Gangtok,2002,6667
Urad,Gangtok,2003,6667
Urad,Gangtok,2004,7667
Urad,Gangtok,2005,9512
Urad,Gangtok,2006,10051
Urad,Gangtok,2007,12205
Urad,Gangtok,2008,15580
Urad,Gangtok,2009,21557
Urad,Gangtok,2010,26100
Urad,Gangtok,2011,29586
Urad,Gangtok,2012,41517
Urad,Gangtok,2013,42110
Urad,Gangtok,2014,42600
Urad,Gangtok,2015,46250
Urad,Gangtok,2016,50172
Urad,Gangtok,2017,54188
Urad,Gangtok,2018,56112
Urad,Gangtok,2019,57501
Urad,Gangtok,2020,60529
Urad,Gangtok,2021,201987
Urad,Gangtok,2022,66822
Urad,Geyzing,1997,6118
Urad,Geyzing,1998,6325
Urad,Geyzing,1999,6776
Urad,Geyzing,2000,7072
Urad,Geyzing,2001,7294
Urad,Geyzing,2002,9035
Urad,Geyzing,2003,9106
Urad,Geyzing,2004,9106
Urad,Geyzing,2005,100115
Urad,Geyzing,2006,10967
Urad,Geyzing,2007,11632
Urad,Geyzing,2008,17643
Urad,Geyzing,2009,20753
Urad,Geyzing,2010,24064
Urad,Geyzing,2011,27831
Urad,Geyzing,2012,37361
Urad,Geyzing,2013,37407
Urad,Geyzing,2014,37856
Urad,Geyzing,2015,41038
Urad,Geyzing,2016,44444
Urad,Geyzing,2017,48085
Urad,Geyzing,2018,49838
Urad,Geyzing,2019,50797
Urad,Geyzing,2020,53943
Urad,Geyzing,2021,56680
Urad,Geyzing,2022,60789
Urad,Mangan,1997,4000
Urad,Mangan,1998,3780
Urad,Mangan,1999,4050
Urad,Mangan,2000,4230
Urad,Mangan,2001,4500
Urad,Mangan,2002,6000
Urad,Mangan,2003,6000
Urad,Mangan,2004,6000
Urad,Mangan,2005,6500
Urad,Mangan,2006,28000
Urad,Mangan,2007,93500
Urad,Mangan,2008,15200
Urad,Mangan,2009,20618
Urad,Mangan,2010,23646
Urad,Mangan,2011,27789
Urad,Mangan,2020,56418
Urad,Mangan,2021,59500
Urad,Namchi,1997,5882
Urad,Namchi,1998,5040
Urad,Namchi,1999,6776
Urad,Namchi,2000,7078
Urad,Namchi,2001,7529
Urad,Namchi,2002,9176
Urad,Namchi,2003,9247
Urad,Namchi,2004,9247
Urad,Namchi,2005,101706
Urad,Namchi,2006,10970
Urad,Namchi,2007,14960
Urad,Namchi,2008,16077
Urad,Namchi,2009,21396
Urad,Namchi,2010,2556
Urad,Namchi,2011,29333
Urad,Namchi,2012,38358
Urad,Namchi,2013,39091
Urad,Namchi,2014,39653
Urad,Namchi,2015,43012
Urad,Namchi,2016,46570
Urad,Namchi,2017,50284
Urad,Namchi,2018,52146
Urad,Namchi,2019,53245
Urad,Namchi,2020,56224
Urad,Namchi,2021,59224
Urad,Namchi,2022,62027
Urad,Pakyong,2022,67257
Urad,Soreng,2022,58826
Wheat,Gangtok,1997,8652
Wheat,Gangtok,1998,4269
Wheat,Gangtok,1999,8451
Wheat,Gangtok,2000,7359
Wheat,Gangtok,2001,8224
Wheat,Gangtok,2002,8111
Wheat,Gangtok,2003,7980
Wheat,Gangtok,2004,10204
Wheat,Gangtok,2005,13706
Wheat,Gangtok,2006,14738
Wheat,Gangtok,2007,10000
Wheat,Gangtok,2008,10454
Wheat,Gangtok,2009,10364
Wheat,Gangtok,2010,13216
Wheat,Gangtok,2011,15134
Wheat,Gangtok,2012,15188
Wheat,Gangtok,2013,15867
Wheat,Gangtok,2014,16433
Wheat,Gangtok,2015,17276
Wheat,Gangtok,2016,18552
Wheat,Gangtok,2017,19808
Wheat,Gangtok,2018,21005
Wheat,Gangtok,2019,22146
Wheat,Gangtok,2020,22788
Wheat,Gangtok,2021,23280
Wheat,Gangtok,2022,24405
Wheat,Geyzing,1997,8576
Wheat,Geyzing,1998,4146
Wheat,Geyzing,1999,8431
Wheat,Geyzing,2000,7618
Wheat,Geyzing,2001,8493
Wheat,Geyzing,2002,8406
Wheat,Geyzing,2003,8542
Wheat,Geyzing,2004,9796
Wheat,Geyzing,2005,11607
Wheat,Geyzing,2006,12500
Wheat,Geyzing,2007,10000
Wheat,Geyzing,2008,8682
Wheat,Geyzing,2009,8000
Wheat,Geyzing,2010,8587
Wheat,Geyzing,2011,11549
Wheat,Geyzing,2012,13500
Wheat,Geyzing,2014,14500
Wheat,Geyzing,2015,16012
Wheat,Mangan,1997,8640
Wheat,Mangan,1998,3888
Wheat,Mangan,1999,7928
Wheat,Mangan,2000,6344
Wheat,Mangan,2001,4560
Wheat,Mangan,2002,6200
Wheat,Mangan,2003,6360
Wheat,Mangan,2004,6776
Wheat,Mangan,2005,7412
Wheat,Mangan,2006,7941
Wheat,Mangan,2007,10000
Wheat,Mangan,2008,9095
Wheat,Mangan,2009,13309
Wheat,Mangan,2010,11867
Wheat,Mangan,2011,13726
Wheat,Mangan,2012,13500
Wheat,Mangan,2013,12600
Wheat,Mangan,2014,14500
Wheat,Mangan,2015,13725
Wheat,Mangan,2016,14950
Wheat,Mangan,2017,16015
Wheat,Mangan,2018,17296
Wheat,Mangan,2019,17769
Wheat,Namchi,1997,7454
Wheat,Namchi,1998,3163
Wheat,Namchi,1999,6607
Wheat,Namchi,2000,6739
Wheat,Namchi,2001,6012
Wheat,Namchi,2002,7213
Wheat,Namchi,2003,7542
Wheat,Namchi,2004,8832
Wheat,Namchi,2005,10733
Wheat,Namchi,2006,11812
Wheat,Namchi,2007,10000
Wheat,Namchi,2008,9936
Wheat,Namchi,2009,9237
Wheat,Namchi,2010,12441
Wheat,Namchi,2011,14239
Wheat,Namchi,2012,14344
Wheat,Namchi,2013,14875
Wheat,Namchi,2014,15467
Wheat,Namchi,2015,16359
Wheat,Namchi,2016,17618
Wheat,Pakyong,2022,25339
