Crop Name,District Name,Crop Year,Crop Season,Cultivation Area (Hectare),Production (Tonne),Yield (Tonne per Hectare)
Barley,Gangtok,1997-1998,Rabi,500,500,1
Barley,Gangtok,1998-1999,Rabi,340,270,0.79
Barley,Gangtok,1999-2000,Rabi,340,500,1.47
Barley,Gangtok,2000-2001,Rabi,340,390,1.15
Barley,Gangtok,2001-2002,Rabi,340,440,1.29
Barley,Gangtok,2002-2003,Rabi,440,530,1.2
Barley,Gangtok,2003-2004,Rabi,440,500,1.14
Barley,Gangtok,2004-2005,Rabi,440,500,1.14
Barley,Gangtok,2005-2006,Rabi,440,520,1.18
Barley,Gangtok,2006-2007,Rabi,420,450,1.07
Barley,Gangtok,2007-2008,Rabi,310,330,1.06
Barley,Gangtok,2008-2009,Rabi,210,190,0.9
Barley,Gangtok,2009-2010,Rabi,410,370,0.9
Barley,Gangtok,2010-2011,Rabi,320,288,0.9
Barley,Gangtok,2011-2012,Rabi,300,280,0.93
Barley,Gangtok,2012-2013,Rabi,240,250,1.04
Barley,Gangtok,2013-2014,Rabi,230,250,1.09
Barley,Gangtok,2014-2015,Rabi,225,241,1.07
Barley,Gangtok,2015-2016,Rabi,225,243,1.08
Barley,Gangtok,2016-2017,Rabi,230,250,1.09
Barley,Gangtok,2017-2018,Rabi,225,245,1.09
Barley,Gangtok,2018-2019,Rabi,216,248,1.15
Barley,Gangtok,2019-2020,Rabi,214,246,1.15
Barley,Gangtok,2020-2021,Rabi,200,230,1.15
Barley,Gangtok,2021-2022,Rabi,1199,1209,1.01
Barley,Gangtok,2022-2023,Rabi,52,59,1.13
Barley,Geyzing,1997-1998,Rabi,450,623,1.38
Barley,Geyzing,1998-1999,Rabi,450,600,1.33
Barley,Geyzing,1999-2000,Rabi,450,670,1.49
Barley,Geyzing,2000-2001,Rabi,450,470,1.04
Barley,Geyzing,2001-2002,Rabi,450,610,1.36
Barley,Geyzing,2002-2003,Rabi,450,670,1.49
Barley,Geyzing,2003-2004,Rabi,450,600,1.33
Barley,Geyzing,2004-2005,Rabi,450,600,1.33
Barley,Geyzing,2005-2006,Rabi,450,610,1.36
Barley,Geyzing,2006-2007,Rabi,390,500,1.28
Barley,Geyzing,2007-2008,Rabi,120,110,0.92
Barley,Geyzing,2008-2009,Rabi,90,100,1.11
Barley,Geyzing,2009-2010,Rabi,110,108,0.98
Barley,Geyzing,2010-2011,Rabi,40,39,0.98
Barley,Geyzing,2011-2012,Rabi,40,40,1.0
Barley,Geyzing,2012-2013,Rabi,100,90,0.9
Barley,Geyzing,2013-2014,Rabi,100,90,0.9
Barley,Geyzing,2014-2015,Rabi,20,18,0.9
Barley,Geyzing,2015-2016,Rabi,12,11,0.92
Barley,Geyzing,2016-2017,Rabi,13,12,0.92
Barley,Geyzing,2021-2022,Rabi,395,372,0.94
Barley,Mangan,1997-1998,Rabi,150,207,1.38
Barley,Mangan,1998-1999,Rabi,150,207,1.38
Barley,Mangan,1999-2000,Rabi,150,207,1.38
Barley,Mangan,2000-2001,Rabi,150,150,1.0
Barley,Mangan,2001-2002,Rabi,140,92,0.66
Barley,Mangan,2002-2003,Rabi,140,100,0.71
Barley,Mangan,2003-2004,Rabi,140,110,0.79
Barley,Mangan,2004-2005,Rabi,140,120,0.86
Barley,Mangan,2005-2006,Rabi,140,140,1.0
Barley,Mangan,2006-2007,Rabi,140,120,0.86
Barley,Mangan,2007-2008,Rabi,80,80,1.0
Barley,Mangan,2008-2009,Rabi,50,40,0.8
Barley,Mangan,2009-2010,Rabi,240,242,1.01
Barley,Mangan,2010-2011,Rabi,140,165,1.18
Barley,Mangan,2011-2012,Rabi,140,160,1.14
Barley,Mangan,2012-2013,Rabi,140,150,1.07
Barley,Mangan,2013-2014,Rabi,140,151,1.08
Barley,Mangan,2014-2015,Rabi,140,150,1.07
Barley,Mangan,2015-2016,Rabi,140,153,1.09
Barley,Mangan,2016-2017,Rabi,140,154,1.1
Barley,Mangan,2017-2018,Rabi,145,160,1.1
Barley,Mangan,2018-2019,Rabi,140,167,1.19
Barley,Mangan,2019-2020,Rabi,147,175,1.19
Barley,Mangan,2020-2021,Rabi,146,174,1.19
Barley,Mangan,2021-2022,Rabi,236,232,0.98
Barley,Mangan,2022-2023,Rabi,147,176,1.2
Barley,Namchi,1997-1998,Rabi,210,180,0.86
Barley,Namchi,1998-1999,Rabi,190,140,0.74
Barley,Namchi,1999-2000,Rabi,200,300,1.5
Barley,Namchi,2000-2001,Rabi,200,200,1.0
Barley,Namchi,2001-2002,Rabi,250,190,0.76
Barley,Namchi,2002-2003,Rabi,200,200,1.0
Barley,Namchi,2003-2004,Rabi,200,300,1.5
Barley,Namchi,2004-2005,Rabi,200,300,1.5
Barley,Namchi,2005-2006,Rabi,200,320,1.6
Barley,Namchi,2006-2007,Rabi,200,200,1.0
Barley,Namchi,2007-2008,Rabi,200,140,0.7
Barley,Namchi,2008-2009,Rabi,150,140,0.93
Barley,Namchi,2009-2010,Rabi,240,200,0.83
Barley,Namchi,2010-2011,Rabi,140,117,0.84
Barley,Namchi,2011-2012,Rabi,100,80,0.8
Barley,Namchi,2012-2013,Rabi,110,100,0.91
Barley,Namchi,2013-2014,Rabi,110,101,0.92
Barley,Namchi,2014-2015,Rabi,100,90,0.9
Barley,Namchi,2015-2016,Rabi,70,65,0.93
Barley,Namchi,2016-2017,Rabi,70,65,0.93
Barley,Namchi,2017-2018,Rabi,50,46,0.92
Barley,Namchi,2018-2019,Rabi,430,429,1.0
Barley,Namchi,2019-2020,Rabi,40,40,1.0
Barley,Namchi,2021-2022,Rabi,1310,1291,0.99
Barley,Namchi,2022-2023,Rabi,2,2,1.0
Barley,Pakyong,2022-2023,Rabi,89,64,0.72
Maize,Gangtok,1997-1998,Kharif,9700,14120,1.46
Maize,Gangtok,1998-1999,Kharif,9690,16450,1.7
Maize,Gangtok,1999-2000,Kharif,9700,13473,1.39
Maize,Gangtok,2000-2001,Kharif,10210,15700,1.54
Maize,Gangtok,2001-2002,Kharif,10210,15700,1.54
Maize,Gangtok,2002-2003,Kharif,8600,12040,1.4
Maize,Gangtok,2003-2004,Kharif,8580,12440,1.45
Maize,Gangtok,2004-2005,Kharif,9270,13240,1.43
Maize,Gangtok,2005-2006,Kharif,9270,14240,1.54
Maize,Gangtok,2006-2007,Kharif,8760,13730,1.57
Maize,Gangtok,2007-2008,Kharif,8650,9240,1.07
Maize,Gangtok,2008-2009,Kharif,8550,25300,2.96
Maize,Gangtok,2009-2010,Kharif,8910,14920,1.67
Maize,Gangtok,2010-2011,Kharif,9070,15664,1.73
Maize,Gangtok,2011-2012,Kharif,9040,15710,1.74
Maize,Gangtok,2012-2013,Kharif,9030,15350,1.7
Maize,Gangtok,2013-2014,Kharif,9000,15400,1.71
Maize,Gangtok,2014-2015,Kharif,8990,15400,1.71
Maize,Gangtok,2015-2016,Kharif,8991,15640,1.74
Maize,Gangtok,2016-2017,Kharif,8990,15721,1.75
Maize,Gangtok,2017-2018,Kharif,8989,15731,1.75
Maize,Gangtok,2018-2019,Kharif,8444,14777,1.75
Maize,Gangtok,2019-2020,Kharif,8442,14831,1.76
Maize,Gangtok,2020-2021,Kharif,8436,14821,1.76
Maize,Gangtok,2021-2022,Kharif,8434,14843,1.76
Maize,Gangtok,2022-2023,Kharif,3349,5873,1.75
Maize,Geyzing,1997-1998,Kharif,13300,19100,1.44
Maize,Geyzing,1998-1999,Kharif,13300,18500,1.39
Maize,Geyzing,1999-2000,Kharif,13000,18200,1.4
Maize,Geyzing,2000-2001,Kharif,13300,19750,1.48
Maize,Geyzing,2001-2002,Kharif,13470,18590,1.38
Maize,Geyzing,2002-2003,Kharif,13120,19170,1.46
Maize,Geyzing,2003-2004,Kharif,13320,22370,1.68
Maize,Geyzing,2004-2005,Kharif,13320,23300,1.75
Maize,Geyzing,2005-2006,Kharif,13320,24300,1.82
Maize,Geyzing,2006-2007,Kharif,13000,21300,1.64
Maize,Geyzing,2007-2008,Kharif,13000,18190,1.4
Maize,Geyzing,2008-2009,Kharif,12880,21710,1.69
Maize,Geyzing,2009-2010,Kharif,13020,21990,1.69
Maize,Geyzing,2010-2011,Kharif,13870,23163,1.67
Maize,Geyzing,2011-2012,Kharif,13860,23280,1.68
Maize,Geyzing,2012-2013,Kharif,13880,23710,1.71
Maize,Geyzing,2013-2014,Kharif,13870,24000,1.73
Maize,Geyzing,2014-2015,Kharif,13840,24000,1.73
Maize,Geyzing,2015-2016,Kharif,13210,23110,1.75
Maize,Geyzing,2016-2017,Kharif,12950,22689,1.75
Maize,Geyzing,2017-2018,Kharif,13142,23090,1.76
Maize,Geyzing,2018-2019,Kharif,13104,23024,1.76
Maize,Geyzing,2019-2020,Kharif,13796,24240,1.76
Maize,Geyzing,2020-2021,Kharif,13801,24262,1.76
Maize,Geyzing,2021-2022,Kharif,13700,24098,1.76
Maize,Geyzing,2022-2023,Kharif,6752,11695,1.73
Maize,Mangan,1997-1998,Kharif,3093,4440,1.44
Maize,Mangan,1998-1999,Kharif,3093,2230,0.72
Maize,Mangan,1999-2000,Kharif,3093,4161,1.35
Maize,Mangan,2000-2001,Kharif,3093,4561,1.47
Maize,Mangan,2001-2002,Kharif,3030,3924,1.3
Maize,Mangan,2002-2003,Kharif,2500,3250,1.3
Maize,Mangan,2003-2004,Kharif,2300,3490,1.52
Maize,Mangan,2004-2005,Kharif,1610,2990,1.86
Maize,Mangan,2005-2006,Kharif,1610,3200,1.99
Maize,Mangan,2006-2007,Kharif,1810,3000,1.66
Maize,Mangan,2007-2008,Kharif,2750,3760,1.37
Maize,Mangan,2008-2009,Kharif,2770,4430,1.6
Maize,Mangan,2009-2010,Kharif,2920,3970,1.36
Maize,Mangan,2010-2011,Kharif,2900,4051,1.4
Maize,Mangan,2011-2012,Kharif,2760,3850,1.39
Maize,Mangan,2012-2013,Kharif,2750,4120,1.5
Maize,Mangan,2013-2014,Kharif,2750,4225,1.54
Maize,Mangan,2014-2015,Kharif,2750,4290,1.56
Maize,Mangan,2015-2016,Kharif,2754,4380,1.59
Maize,Mangan,2016-2017,Kharif,2668,4265,1.6
Maize,Mangan,2017-2018,Kharif,2827,4523,1.6
Maize,Mangan,2018-2019,Kharif,2750,4400,1.6
Maize,Mangan,2019-2020,Kharif,2829,4529,1.6
Maize,Mangan,2020-2021,Kharif,2828,4538,1.6
Maize,Mangan,2021-2022,Kharif,2844,4573,1.61
Maize,Mangan,2022-2023,Kharif,2829,4549,1.61
Maize,Namchi,1997-1998,Kharif,13300,18050,1.36
Maize,Namchi,1998-1999,Kharif,13300,16620,1.25
Maize,Namchi,1999-2000,Kharif,13300,17000,1.28
Maize,Namchi,2000-2001,Kharif,13300,19600,1.47
Maize,Namchi,2001-2002,Kharif,13400,18800,1.4
Maize,Namchi,2002-2003,Kharif,12500,18750,1.5
Maize,Namchi,2003-2004,Kharif,12500,18750,1.5
Maize,Namchi,2004-2005,Kharif,12500,18750,1.5
Maize,Namchi,2005-2006,Kharif,1250,19360,15.49
Maize,Namchi,2006-2007,Kharif,17280,26860,1.55
Maize,Namchi,2007-2008,Kharif,15370,27930,1.82
Maize,Namchi,2008-2009,Kharif,15000,14300,0.95
Maize,Namchi,2009-2010,Kharif,14650,23810,1.63
Maize,Namchi,2010-2011,Kharif,14330,233145,16.27
Maize,Namchi,2011-2012,Kharif,14290,23370,1.64
Maize,Namchi,2012-2013,Kharif,14310,24770,1.73
Maize,Namchi,2013-2014,Kharif,14310,25200,1.76
Maize,Namchi,2014-2015,Kharif,14300,25200,1.76
Maize,Namchi,2015-2016,Kharif,14000,25180,1.8
Maize,Namchi,2016-2017,Kharif,13890,25317,1.82
Maize,Namchi,2017-2018,Kharif,13500,24624,1.82
Maize,Namchi,2018-2019,Kharif,13480,24588,1.82
Maize,Namchi,2019-2020,Kharif,13320,24308,1.82
Maize,Namchi,2020-2021,Kharif,13325,24317,1.82
Maize,Namchi,2021-2022,Kharif,13300,24350,1.83
Maize,Namchi,2022-2023,Kharif,13237,24235,1.83
Maize,Pakyong,2022-2023,Kharif,5076,9012,1.78
Maize,Soreng,2022-2023,Kharif,6280,11682,1.86
Other Rabi pulses,Gangtok,1997-1998,Rabi,750,810,1.08
Other Rabi pulses,Gangtok,1998-1999,Rabi,750,840,1.12
Other Rabi pulses,Geyzing,1997-1998,Rabi,850,1010,1.19
Other Rabi pulses,Geyzing,1998-1999,Rabi,840,1000,1.19
Other Rabi pulses,Mangan,1997-1998,Rabi,60,60,1.0
Other Rabi pulses,Mangan,1998-1999,Rabi,60,56,0.93
Other Rabi pulses,Namchi,1997-1998,Rabi,650,770,1.18
Other Rabi pulses,Namchi,1998-1999,Rabi,650,650,1.0
Other Cereals,Gangtok,2000-2001,Rabi,540,400,0.74
Other Cereals,Gangtok,2004-2005,Rabi,560,470,0.84
Other Cereals,Gangtok,2005-2006,Rabi,560,500,0.89
Other Cereals,Gangtok,2006-2007,Rabi,650,580,0.89
Other Cereals,Gangtok,2007-2008,Rabi,370,260,0.7
Other Cereals,Gangtok,2008-2009,Rabi,1700,1600,0.94
Other Cereals,Gangtok,2009-2010,Rabi,1720,1610,0.94
Other Cereals,Gangtok,2010-2011,Rabi,1660,1554,0.94
Other Cereals,Gangtok,2016-2017,Kharif,1190,1188,1.0
Other Cereals,Gangtok,2017-2018,Kharif,1234,1232,1.0
Other Cereals,Gangtok,2018-2019,Kharif,1220,1218,1.0
Other Cereals,Gangtok,2019-2020,Kharif,1219,1227,1.01
Other Cereals,Gangtok,2020-2021,Kharif,1196,1204,1.01
Other Cereals,Gangtok,2021-2022,Kharif,1199,120.9,0.1
Other Cereals,Gangtok,2022-2023,Kharif,381,387,1.02
Other Cereals,Geyzing,2000-2001,Rabi,680,530,0.78
Other Cereals,Geyzing,2004-2005,Rabi,670,550,0.82
Other Cereals,Geyzing,2005-2006,Rabi,670,560,0.84
Other Cereals,Geyzing,2006-2007,Rabi,770,750,0.97
Other Cereals,Geyzing,2007-2008,Rabi,380,380,1.0
Other Cereals,Geyzing,2008-2009,Rabi,2160,2130,0.99
Other Cereals,Geyzing,2009-2010,Rabi,1030,900,0.87
Other Cereals,Geyzing,2010-2011,Rabi,1150,1005,0.87
Other Cereals,Geyzing,2016-2017,Kharif,765,711,0.93
Other Cereals,Geyzing,2017-2018,Kharif,670,623,0.93
Other Cereals,Geyzing,2018-2019,Kharif,266,247,0.93
Other Cereals,Geyzing,2019-2020,Kharif,393,365,0.93
Other Cereals,Geyzing,2020-2021,Kharif,393,370,0.94
Other Cereals,Geyzing,2021-2022,Kharif,395,37.2,0.09
Other Cereals,Geyzing,2022-2023,Kharif,210,199,0.95
Other Cereals,Mangan,2000-2001,Rabi,190,140,0.74
Other Cereals,Mangan,2004-2005,Rabi,200,120,0.6
Other Cereals,Mangan,2005-2006,Rabi,200,140,0.7
Other Cereals,Mangan,2006-2007,Rabi,200,140,0.7
Other Cereals,Mangan,2007-2008,Rabi,60,50,0.83
Other Cereals,Mangan,2008-2009,Rabi,300,280,0.93
Other Cereals,Mangan,2009-2010,Rabi,820,680,0.83
Other Cereals,Mangan,2010-2011,Rabi,200,166,0.83
Other Cereals,Mangan,2016-2017,Kharif,211,205,0.97
Other Cereals,Mangan,2017-2018,Kharif,211,205,0.97
Other Cereals,Mangan,2018-2019,Kharif,190,185,0.97
Other Cereals,Mangan,2019-2020,Kharif,214,208,0.97
Other Cereals,Mangan,2020-2021,Kharif,213,209,0.98
Other Cereals,Mangan,2021-2022,Kharif,236,232,0.98
Other Cereals,Mangan,2022-2023,Kharif,214,209,0.98
Other Cereals,Namchi,2000-2001,Rabi,580,460,0.79
Other Cereals,Namchi,2004-2005,Rabi,580,420,0.72
Other Cereals,Namchi,2005-2006,Rabi,580,440,0.76
Other Cereals,Namchi,2006-2007,Rabi,420,320,0.76
Other Cereals,Namchi,2007-2008,Rabi,450,270,0.6
Other Cereals,Namchi,2008-2009,Rabi,1380,1340,0.97
Other Cereals,Namchi,2009-2010,Rabi,1970,1880,0.95
Other Cereals,Namchi,2010-2011,Rabi,1380,1332,0.97
Other Cereals,Namchi,2016-2017,Kharif,1400,1372,0.98
Other Cereals,Namchi,2017-2018,Kharif,1320,1294,0.98
Other Cereals,Namchi,2018-2019,Kharif,1320,1294,0.98
Other Cereals,Namchi,2019-2020,Kharif,1310,1288,0.98
Other Cereals,Namchi,2020-2021,Kharif,1312,1290,0.98
Other Cereals,Namchi,2021-2022,Kharif,1310,129.1,0.1
Other Cereals,Namchi,2022-2023,Kharif,762,751,0.99
Other Cereals,Pakyong,2022-2023,Kharif,857,866,1.01
Other Cereals,Soreng,2022-2023,Kharif,207,195,0.94
Other Kharif pulses,Gangtok,2000-2001,Kharif,700,590,0.84
Other Kharif pulses,Gangtok,2001-2002,Kharif,1340,1310,0.98
Other Kharif pulses,Gangtok,2002-2003,Kharif,1240,1300,1.05
Other Kharif pulses,Gangtok,2004-2005,Kharif,1400,160,0.11
Other Kharif pulses,Gangtok,2005-2006,Kharif,1400,1700,1.21
Other Kharif pulses,Gangtok,2006-2007,Kharif,1450,148,0.1
Other Kharif pulses,Gangtok,2007-2008,Kharif,1840,1760,0.96
Other Kharif pulses,Gangtok,2008-2009,Kharif,1450,1640,1.13
Other Kharif pulses,Gangtok,2009-2010,Kharif,1130,1260,1.12
Other Kharif pulses,Gangtok,2010-2011,Kharif,740,673,0.91
Other Kharif pulses,Gangtok,2011-2012,Kharif,750,680,0.91
Other Kharif pulses,Gangtok,2012-2013,Kharif,570,530,0.93
Other Kharif pulses,Gangtok,2013-2014,Kharif,470,450,0.96
Other Kharif pulses,Gangtok,2014-2015,Kharif,470,450,0.96
Other Kharif pulses,Gangtok,2015-2016,Kharif,470,454,0.97
Other Kharif pulses,Gangtok,2016-2017,Kharif,480,468,0.98
Other Kharif pulses,Gangtok,2017-2018,Kharif,472,460,0.97
Other Kharif pulses,Gangtok,2018-2019,Kharif,459,448,0.98
Other Kharif pulses,Gangtok,2019-2020,Kharif,457,450,0.98
Other Kharif pulses,Gangtok,2020-2021,Kharif,457,451,0.99
Other Kharif pulses,Gangtok,2021-2022,Kharif,455,450,0.99
Other Kharif pulses,Gangtok,2022-2023,Kharif,126,131,1.04
Other Kharif pulses,Geyzing,2000-2001,Kharif,840,1000,1.19
Other Kharif pulses,Geyzing,2001-2002,Kharif,820,1000,1.22
Other Kharif pulses,Geyzing,2002-2003,Kharif,880,1170,1.33
Other Kharif pulses,Geyzing,2004-2005,Kharif,750,1010,1.35
Other Kharif pulses,Geyzing,2005-2006,Kharif,750,1020,1.36
Other Kharif pulses,Geyzing,2006-2007,Kharif,810,1000,1.23
Other Kharif pulses,Geyzing,2007-2008,Kharif,280,20,0.07
Other Kharif pulses,Geyzing,2008-2009,Kharif,310,310,1.0
Other Kharif pulses,Geyzing,2009-2010,Kharif,460,370,0.8
Other Kharif pulses,Geyzing,2010-2011,Kharif,810,6510,8.04
Other Kharif pulses,Geyzing,2011-2012,Kharif,900,770,0.86
Other Kharif pulses,Geyzing,2012-2013,Kharif,980,870,0.89
Other Kharif pulses,Geyzing,2013-2014,Kharif,990,880,0.89
Other Kharif pulses,Geyzing,2014-2015,Kharif,970,860,0.89
Other Kharif pulses,Geyzing,2015-2016,Kharif,719,650,0.9
Other Kharif pulses,Geyzing,2016-2017,Kharif,680,618,0.91
Other Kharif pulses,Geyzing,2017-2018,Kharif,628,572,0.91
Other Kharif pulses,Geyzing,2018-2019,Kharif,309,281,0.91
Other Kharif pulses,Geyzing,2019-2020,Kharif,485,443,0.91
Other Kharif pulses,Geyzing,2020-2021,Kharif,485,447,0.92
Other Kharif pulses,Geyzing,2021-2022,Kharif,491,453,0.92
Other Kharif pulses,Geyzing,2022-2023,Kharif,242,255,1.05
Other Kharif pulses,Mangan,2000-2001,Kharif,60,56,0.93
Other Kharif pulses,Mangan,2001-2002,Kharif,60,55,0.92
Other Kharif pulses,Mangan,2002-2003,Kharif,80,80,1.0
Other Kharif pulses,Mangan,2004-2005,Kharif,60,40,0.67
Other Kharif pulses,Mangan,2005-2006,Kharif,60,60,1.0
Other Kharif pulses,Mangan,2006-2007,Kharif,60,100,1.67
Other Kharif pulses,Mangan,2007-2008,Kharif,190,140,0.74
Other Kharif pulses,Mangan,2008-2009,Kharif,100,90,0.9
Other Kharif pulses,Mangan,2009-2010,Kharif,330,300,0.91
Other Kharif pulses,Mangan,2010-2011,Kharif,170,155,0.91
Other Kharif pulses,Mangan,2011-2012,Kharif,160,150,0.94
Other Kharif pulses,Mangan,2012-2013,Kharif,240,220,0.92
Other Kharif pulses,Mangan,2013-2014,Kharif,250,230,0.92
Other Kharif pulses,Mangan,2014-2015,Kharif,270,250,0.93
Other Kharif pulses,Mangan,2015-2016,Kharif,267,252,0.94
Other Kharif pulses,Mangan,2016-2017,Kharif,270,255,0.94
Other Kharif pulses,Mangan,2017-2018,Kharif,276,261,0.95
Other Kharif pulses,Mangan,2018-2019,Kharif,250,236,0.94
Other Kharif pulses,Mangan,2019-2020,Kharif,278,264,0.95
Other Kharif pulses,Mangan,2020-2021,Kharif,277,266,0.96
Other Kharif pulses,Mangan,2021-2022,Kharif,282,272,0.96
Other Kharif pulses,Mangan,2022-2023,Kharif,278,272,0.98
Other Kharif pulses,Namchi,2000-2001,Kharif,650,770,1.18
Other Kharif pulses,Namchi,2001-2002,Kharif,640,840,1.31
Other Kharif pulses,Namchi,2002-2003,Kharif,700,920,1.31
Other Kharif pulses,Namchi,2004-2005,Kharif,720,950,1.32
Other Kharif pulses,Namchi,2005-2006,Kharif,720,1000,1.39
Other Kharif pulses,Namchi,2006-2007,Kharif,90,130,1.44
Other Kharif pulses,Namchi,2007-2008,Kharif,2300,1890,0.82
Other Kharif pulses,Namchi,2008-2009,Kharif,820,930,1.13
Other Kharif pulses,Namchi,2009-2010,Kharif,980,1100,1.12
Other Kharif pulses,Namchi,2010-2011,Kharif,1280,1280,1.0
Other Kharif pulses,Namchi,2011-2012,Kharif,1270,1270,1.0
Other Kharif pulses,Namchi,2012-2013,Kharif,1310,1300,0.99
Other Kharif pulses,Namchi,2013-2014,Kharif,1310,1320,1.01
Other Kharif pulses,Namchi,2014-2015,Kharif,1320,1330,1.01
Other Kharif pulses,Namchi,2015-2016,Kharif,1310,1342,1.02
Other Kharif pulses,Namchi,2016-2017,Kharif,1280,1312,1.03
Other Kharif pulses,Namchi,2017-2018,Kharif,1280,1312,1.03
Other Kharif pulses,Namchi,2018-2019,Kharif,1265,1296,1.02
Other Kharif pulses,Namchi,2019-2020,Kharif,1230,1270,1.03
Other Kharif pulses,Namchi,2020-2021,Kharif,1065,1105,1.04
Other Kharif pulses,Namchi,2021-2022,Kharif,1202,1250,1.04
Other Kharif pulses,Namchi,2022-2023,Kharif,1152,1250,1.09
Other Kharif pulses,Pakyong,2022-2023,Kharif,340,319,0.94
Other Kharif pulses,Soreng,2022-2023,Kharif,277,193,0.7
Other oilseeds,Gangtok,2000-2001,Kharif,20,10,0.5
Other oilseeds,Geyzing,2000-2001,Kharif,20,10,0.5
Other oilseeds,Geyzing,2002-2003,Whole Year,20,10,0.5
Other oilseeds,Geyzing,2003-2004,Whole Year,20,10,0.5
Other oilseeds,Geyzing,2004-2005,Kharif,20,10,0.5
Other oilseeds,Geyzing,2005-2006,Kharif,20,20,1.0
Other oilseeds,Namchi,2000-2001,Kharif,40,14,0.35
Other oilseeds,Namchi,2002-2003,Whole Year,40,20,0.5
Other oilseeds,Namchi,2003-2004,Whole Year,40,20,0.5
Other oilseeds,Namchi,2004-2005,Kharif,40,20,0.5
Other oilseeds,Namchi,2005-2006,Kharif,40,30,0.75
Potato,Gangtok,2002-2003,Whole Year,1680,8980,5.35
Potato,Gangtok,2003-2004,Whole Year,2060,9630,4.67
Potato,Geyzing,2002-2003,Whole Year,2970,10180,3.43
Potato,Geyzing,2003-2004,Whole Year,3270,14120,4.32
Potato,Mangan,2002-2003,Whole Year,330,880,2.67
Potato,Mangan,2003-2004,Whole Year,310,1320,4.26
Potato,Namchi,2002-2003,Whole Year,780,6980,8.95
Potato,Namchi,2003-2004,Whole Year,1830,8370,4.57
Rapeseed & Mustard,Gangtok,1997-1998,Rabi,2240,1700,0.76
Rapeseed & Mustard,Gangtok,1998-1999,Rabi,2240,910,0.41
Rapeseed & Mustard,Gangtok,1999-2000,Rabi,2280,1770,0.78
Rapeseed & Mustard,Gangtok,2000-2001,Rabi,2280,1770,0.78
Rapeseed & Mustard,Gangtok,2001-2002,Rabi,2300,1600,0.7
Rapeseed & Mustard,Gangtok,2002-2003,Rabi,1300,1050,0.81
Rapeseed & Mustard,Gangtok,2003-2004,Rabi,1900,1030,0.54
Rapeseed & Mustard,Gangtok,2004-2005,Rabi,190,1330,7.0
Rapeseed & Mustard,Gangtok,2005-2006,Rabi,1900,1350,0.71
Rapeseed & Mustard,Gangtok,2006-2007,Rabi,1920,1390,0.72
Rapeseed & Mustard,Gangtok,2007-2008,Rabi,1270,900,0.71
Rapeseed & Mustard,Gangtok,2008-2009,Rabi,1600,1420,0.89
Rapeseed & Mustard,Gangtok,2009-2010,Rabi,1770,1550,0.88
Rapeseed & Mustard,Gangtok,2010-2011,Rabi,1750,1534,0.88
Rapeseed & Mustard,Gangtok,2011-2012,Rabi,1850,1520,0.82
Rapeseed & Mustard,Gangtok,2012-2013,Rabi,1640,1290,0.79
Rapeseed & Mustard,Gangtok,2013-2014,Rabi,1650,1310,0.79
Rapeseed & Mustard,Gangtok,2014-2015,Rabi,1450,1151,0.79
Rapeseed & Mustard,Gangtok,2015-2016,Rabi,1490,1210,0.81
Rapeseed & Mustard,Gangtok,2016-2017,Rabi,1510,1301,0.86
Rapeseed & Mustard,Gangtok,2017-2018,Rabi,1510,1303,0.86
Rapeseed & Mustard,Gangtok,2018-2019,Rabi,1489,1287,0.86
Rapeseed & Mustard,Gangtok,2019-2020,Rabi,1487,1289,0.87
Rapeseed & Mustard,Gangtok,2020-2021,Rabi,1473,1277,0.87
Rapeseed & Mustard,Gangtok,2021-2022,Rabi,1475,1281,0.87
Rapeseed & Mustard,Gangtok,2022-2023,Rabi,601,524,0.87
Rapeseed & Mustard,Geyzing,1997-1998,Rabi,1300,1070,0.82
Rapeseed & Mustard,Geyzing,1998-1999,Rabi,1450,670,0.46
Rapeseed & Mustard,Geyzing,1999-2000,Rabi,1450,1120,0.77
Rapeseed & Mustard,Geyzing,2000-2001,Rabi,1450,1008,0.7
Rapeseed & Mustard,Geyzing,2001-2002,Rabi,1460,1000,0.68
Rapeseed & Mustard,Geyzing,2002-2003,Rabi,1460,1040,0.71
Rapeseed & Mustard,Geyzing,2003-2004,Rabi,1580,1120,0.71
Rapeseed & Mustard,Geyzing,2004-2005,Rabi,1580,1130,0.72
Rapeseed & Mustard,Geyzing,2005-2006,Rabi,1580,1200,0.76
Rapeseed & Mustard,Geyzing,2006-2007,Rabi,1500,1140,0.76
Rapeseed & Mustard,Geyzing,2007-2008,Rabi,530,300,0.57
Rapeseed & Mustard,Geyzing,2008-2009,Rabi,1610,1310,0.81
Rapeseed & Mustard,Geyzing,2009-2010,Rabi,1800,1270,0.71
Rapeseed & Mustard,Geyzing,2010-2011,Rabi,1550,1135,0.73
Rapeseed & Mustard,Geyzing,2011-2012,Rabi,1600,1280,0.8
Rapeseed & Mustard,Geyzing,2012-2013,Rabi,1070,870,0.81
Rapeseed & Mustard,Geyzing,2013-2014,Rabi,750,620,0.83
Rapeseed & Mustard,Geyzing,2014-2015,Rabi,740,610,0.82
Rapeseed & Mustard,Geyzing,2015-2016,Rabi,625,540,0.86
Rapeseed & Mustard,Geyzing,2016-2017,Rabi,500,435,0.87
Rapeseed & Mustard,Geyzing,2017-2018,Rabi,229,199,0.87
Rapeseed & Mustard,Geyzing,2018-2019,Rabi,171,148,0.87
Rapeseed & Mustard,Geyzing,2019-2020,Rabi,249,217,0.87
Rapeseed & Mustard,Geyzing,2020-2021,Rabi,245,214,0.87
Rapeseed & Mustard,Geyzing,2021-2022,Rabi,248,1004,4.05
Rapeseed & Mustard,Geyzing,2022-2023,Rabi,76,67,0.88
Rapeseed & Mustard,Mangan,1997-1998,Rabi,570,400,0.7
Rapeseed & Mustard,Mangan,1998-1999,Rabi,570,232,0.41
Rapeseed & Mustard,Mangan,1999-2000,Rabi,560,344,0.61
Rapeseed & Mustard,Mangan,2000-2001,Rabi,560,300,0.54
Rapeseed & Mustard,Mangan,2001-2002,Rabi,560,221,0.39
Rapeseed & Mustard,Mangan,2002-2003,Rabi,560,230,0.41
Rapeseed & Mustard,Mangan,2003-2004,Rabi,860,840,0.98
Rapeseed & Mustard,Mangan,2004-2005,Rabi,860,610,0.71
Rapeseed & Mustard,Mangan,2005-2006,Rabi,860,600,0.7
Rapeseed & Mustard,Mangan,2006-2007,Rabi,560,390,0.7
Rapeseed & Mustard,Mangan,2007-2008,Rabi,220,120,0.55
Rapeseed & Mustard,Mangan,2008-2009,Rabi,440,390,0.89
Rapeseed & Mustard,Mangan,2009-2010,Rabi,40,250,6.25
Rapeseed & Mustard,Mangan,2010-2011,Rabi,510,319,0.63
Rapeseed & Mustard,Mangan,2011-2012,Rabi,510,350,0.69
Rapeseed & Mustard,Mangan,2012-2013,Rabi,310,210,0.68
Rapeseed & Mustard,Mangan,2013-2014,Rabi,310,214,0.69
Rapeseed & Mustard,Mangan,2014-2015,Rabi,310,213,0.69
Rapeseed & Mustard,Mangan,2015-2016,Rabi,310,220,0.71
Rapeseed & Mustard,Mangan,2016-2017,Rabi,311,223,0.72
Rapeseed & Mustard,Mangan,2017-2018,Rabi,310,223,0.72
Rapeseed & Mustard,Mangan,2018-2019,Rabi,310,225,0.73
Rapeseed & Mustard,Mangan,2019-2020,Rabi,313,227,0.73
Rapeseed & Mustard,Mangan,2020-2021,Rabi,312,226,0.72
Rapeseed & Mustard,Mangan,2021-2022,Rabi,320,232,0.73
Rapeseed & Mustard,Mangan,2022-2023,Rabi,313,229,0.73
Rapeseed & Mustard,Namchi,1997-1998,Rabi,1450,1100,0.76
Rapeseed & Mustard,Namchi,1998-1999,Rabi,1420,600,0.42
Rapeseed & Mustard,Namchi,1999-2000,Rabi,1470,930,0.63
Rapeseed & Mustard,Namchi,2000-2001,Rabi,1470,860,0.59
Rapeseed & Mustard,Namchi,2001-2002,Rabi,1480,970,0.66
Rapeseed & Mustard,Namchi,2002-2003,Rabi,1480,1040,0.7
Rapeseed & Mustard,Namchi,2003-2004,Rabi,1660,1210,0.73
Rapeseed & Mustard,Namchi,2004-2005,Rabi,1660,1210,0.73
Rapeseed & Mustard,Namchi,2005-2006,Rabi,1660,1350,0.81
Rapeseed & Mustard,Namchi,2006-2007,Rabi,1300,1140,0.88
Rapeseed & Mustard,Namchi,2007-2008,Rabi,1250,960,0.77
Rapeseed & Mustard,Namchi,2008-2009,Rabi,1650,1330,0.81
Rapeseed & Mustard,Namchi,2009-2010,Rabi,1830,1480,0.81
Rapeseed & Mustard,Namchi,2010-2011,Rabi,1450,1176,0.81
Rapeseed & Mustard,Namchi,2011-2012,Rabi,1460,1190,0.82
Rapeseed & Mustard,Namchi,2012-2013,Rabi,1360,1130,0.83
Rapeseed & Mustard,Namchi,2013-2014,Rabi,1360,1240,0.91
Rapeseed & Mustard,Namchi,2014-2015,Rabi,1360,1238,0.91
Rapeseed & Mustard,Namchi,2015-2016,Rabi,1233,1150,0.93
Rapeseed & Mustard,Namchi,2016-2017,Rabi,1232,1152,0.94
Rapeseed & Mustard,Namchi,2017-2018,Rabi,1162,1086,0.93
Rapeseed & Mustard,Namchi,2018-2019,Rabi,1135,1059,0.93
Rapeseed & Mustard,Namchi,2019-2020,Rabi,1084,1012,0.93
Rapeseed & Mustard,Namchi,2020-2021,Rabi,1140,1065,0.93
Rapeseed & Mustard,Namchi,2021-2022,Rabi,1072,1004,0.94
Rapeseed & Mustard,Namchi,2022-2023,Rabi,735,693,0.94
Rapeseed & Mustard,Pakyong,2022-2023,Rabi,874,768,0.88
Rapeseed & Mustard,Soreng,2022-2023,Rabi,135,118,0.87
Rice,Gangtok,1997-1998,Kharif,6720,9100,1.35
Rice,Gangtok,1998-1999,Kharif,6690,9290,1.39
Rice,Gangtok,1999-2000,Kharif,6720,9950,1.48
Rice,Gangtok,2000-2001,Kharif,6030,7870,1.31
Rice,Gangtok,2001-2002,Kharif,6100,8660,1.42
Rice,Gangtok,2002-2003,Kharif,6350,8720,1.37
Rice,Gangtok,2003-2004,Kharif,6300,8720,1.38
Rice,Gangtok,2004-2005,Kharif,630,9570,15.19
Rice,Gangtok,2005-2006,Kharif,6300,9750,1.55
Rice,Gangtok,2006-2007,Kharif,5500,8500,1.55
Rice,Gangtok,2007-2008,Kharif,5600,9240,1.65
Rice,Gangtok,2008-2009,Kharif,5350,9360,1.75
Rice,Gangtok,2009-2010,Kharif,5000,8550,1.71
Rice,Gangtok,2010-2011,Kharif,4950,8672,1.75
Rice,Gangtok,2011-2012,Kharif,4940,8670,1.76
Rice,Gangtok,2012-2013,Kharif,4910,8770,1.79
Rice,Gangtok,2013-2014,Kharif,4910,8840,1.8
Rice,Gangtok,2014-2015,Kharif,4870,8790,1.8
Rice,Gangtok,2015-2016,Kharif,4813,8751,1.82
Rice,Gangtok,2016-2017,Kharif,4810,8797,1.83
Rice,Gangtok,2017-2018,Kharif,4809,8866,1.84
Rice,Gangtok,2018-2019,Kharif,4554,8413,1.85
Rice,Gangtok,2019-2020,Kharif,4553,8450,1.86
Rice,Gangtok,2020-2021,Kharif,4540,8426,1.86
Rice,Gangtok,2021-2022,Kharif,4448,8262,1.86
Rice,Gangtok,2022-2023,Kharif,2104,3890,1.85
Rice,Geyzing,1997-1998,Kharif,5380,7450,1.38
Rice,Geyzing,1998-1999,Kharif,5380,7480,1.39
Rice,Geyzing,1999-2000,Kharif,5380,8000,1.49
Rice,Geyzing,2000-2001,Kharif,5380,7999,1.49
Rice,Geyzing,2001-2002,Kharif,5100,7570,1.48
Rice,Geyzing,2002-2003,Kharif,5100,7600,1.49
Rice,Geyzing,2003-2004,Kharif,5100,7600,1.49
Rice,Geyzing,2004-2005,Kharif,5100,7630,1.5
Rice,Geyzing,2005-2006,Kharif,550,8320,15.13
Rice,Geyzing,2006-2007,Kharif,550,8350,15.18
Rice,Geyzing,2007-2008,Kharif,2460,4560,1.85
Rice,Geyzing,2008-2009,Kharif,4190,7450,1.78
Rice,Geyzing,2009-2010,Kharif,4170,7580,1.82
Rice,Geyzing,2010-2011,Kharif,3970,7213,1.82
Rice,Geyzing,2011-2012,Kharif,3950,7180,1.82
Rice,Geyzing,2012-2013,Kharif,3610,6770,1.88
Rice,Geyzing,2013-2014,Kharif,3160,6000,1.9
Rice,Geyzing,2014-2015,Kharif,3130,5950,1.9
Rice,Geyzing,2015-2016,Kharif,3016,5851,1.94
Rice,Geyzing,2016-2017,Kharif,2871,5600,1.95
Rice,Geyzing,2017-2018,Kharif,1969,3852,1.96
Rice,Geyzing,2018-2019,Kharif,1974,3866,1.96
Rice,Geyzing,2019-2020,Kharif,1549,3034,1.96
Rice,Geyzing,2020-2021,Kharif,1494,2940,1.97
Rice,Geyzing,2021-2022,Kharif,1486,2925,1.97
Rice,Geyzing,2022-2023,Kharif,869,1716,1.97
Rice,Mangan,1997-1998,Kharif,1191,1627,1.37
Rice,Mangan,1998-1999,Kharif,1404,1917,1.37
Rice,Mangan,1999-2000,Kharif,1408,2059,1.46
Rice,Mangan,2000-2001,Kharif,1408,2059,1.46
Rice,Mangan,2001-2002,Kharif,1360,1992,1.46
Rice,Mangan,2002-2003,Kharif,1000,1350,1.35
Rice,Mangan,2003-2004,Kharif,1000,1320,1.32
Rice,Mangan,2004-2005,Kharif,1000,1000,1.0
Rice,Mangan,2005-2006,Kharif,600,1850,3.08
Rice,Mangan,2006-2007,Kharif,850,850,1.0
Rice,Mangan,2007-2008,Kharif,1000,1030,1.03
Rice,Mangan,2008-2009,Kharif,1000,1070,1.07
Rice,Mangan,2009-2010,Kharif,1000,1070,1.07
Rice,Mangan,2010-2011,Kharif,1000,1140,1.14
Rice,Mangan,2011-2012,Kharif,970,1100,1.13
Rice,Mangan,2012-2013,Kharif,980,1320,1.35
Rice,Mangan,2013-2014,Kharif,988,1410,1.43
Rice,Mangan,2014-2015,Kharif,990,1420,1.43
Rice,Mangan,2015-2016,Kharif,920,1347,1.46
Rice,Mangan,2016-2017,Kharif,920,1371,1.49
Rice,Mangan,2017-2018,Kharif,923,1384,1.5
Rice,Mangan,2018-2019,Kharif,988,1482,1.5
Rice,Mangan,2019-2020,Kharif,923,1388,1.5
Rice,Mangan,2020-2021,Kharif,923,1393,1.51
Rice,Mangan,2021-2022,Kharif,924,1389,1.5
Rice,Mangan,2022-2023,Kharif,923,1395,1.51
Rice,Namchi,1997-1998,Kharif,2400,3270,1.36
Rice,Namchi,1998-1999,Kharif,2400,3270,1.36
Rice,Namchi,1999-2000,Kharif,2400,3430,1.43
Rice,Namchi,2000-2001,Kharif,2400,3430,1.43
Rice,Namchi,2001-2002,Kharif,2340,3150,1.35
Rice,Namchi,2002-2003,Kharif,2340,3550,1.52
Rice,Namchi,2003-2004,Kharif,2340,3550,1.52
Rice,Namchi,2004-2005,Kharif,2340,3410,1.46
Rice,Namchi,2005-2006,Kharif,2340,3770,1.61
Rice,Namchi,2006-2007,Kharif,2300,3750,1.63
Rice,Namchi,2007-2008,Kharif,2800,4650,1.66
Rice,Namchi,2008-2009,Kharif,2460,4350,1.77
Rice,Namchi,2009-2010,Kharif,2100,3730,1.78
Rice,Namchi,2010-2011,Kharif,2220,3948,1.78
Rice,Namchi,2011-2012,Kharif,2210,3930,1.78
Rice,Namchi,2012-2013,Kharif,2420,4480,1.85
Rice,Namchi,2013-2014,Kharif,2100,4010,1.91
Rice,Namchi,2014-2015,Kharif,2050,3910,1.91
Rice,Namchi,2015-2016,Kharif,1920,3738,1.95
Rice,Namchi,2016-2017,Kharif,1880,3685,1.96
Rice,Namchi,2017-2018,Kharif,1800,3534,1.96
Rice,Namchi,2018-2019,Kharif,1740,3421,1.97
Rice,Namchi,2019-2020,Kharif,1660,3265,1.97
Rice,Namchi,2020-2021,Kharif,1745,3432,1.97
Rice,Namchi,2021-2022,Kharif,1649,3245,1.97
Rice,Namchi,2022-2023,Kharif,1544,3078,1.99
Rice,Pakyong,2022-2023,Kharif,2120,3969,1.87
Rice,Soreng,2022-2023,Kharif,630,1242,1.97
Small millets,Gangtok,1997-1998,Kharif,1600,1520,0.95
Small millets,Gangtok,1998-1999,Kharif,1600,1520,0.95
Small millets,Gangtok,2000-2001,Kharif,1260,1120,0.89
Small millets,Gangtok,2001-2002,Kharif,1550,1470,0.95
Small millets,Gangtok,2002-2003,Kharif,1300,1150,0.88
Small millets,Gangtok,2003-2004,Kharif,1000,810,0.81
Small millets,Gangtok,2004-2005,Kharif,1000,860,0.86
Small millets,Gangtok,2005-2006,Kharif,1000,8800,8.8
Small millets,Gangtok,2006-2007,Kharif,1000,860,0.86
Small millets,Gangtok,2007-2008,Kharif,1590,146,0.09
Small millets,Gangtok,2008-2009,Kharif,1430,1340,0.94
Small millets,Gangtok,2009-2010,Kharif,1170,1110,0.95
Small millets,Gangtok,2010-2011,Kharif,840,832,0.99
Small millets,Gangtok,2011-2012,Kharif,840,830,0.99
Small millets,Gangtok,2012-2013,Kharif,870,900,1.03
Small millets,Gangtok,2013-2014,Kharif,840,870,1.04
Small millets,Gangtok,2014-2015,Kharif,840,870,1.04
Small millets,Gangtok,2015-2016,Kharif,833,873,1.05
Small millets,Gangtok,2016-2017,Kharif,830,881,1.06
Small millets,Gangtok,2017-2018,Kharif,828,879,1.06
Small millets,Gangtok,2018-2019,Kharif,754,804,1.07
Small millets,Gangtok,2019-2020,Kharif,754,808,1.07
Small millets,Gangtok,2020-2021,Kharif,754,812,1.08
Small millets,Gangtok,2021-2022,Kharif,754,814,1.08
Small millets,Gangtok,2022-2023,Kharif,246,263,1.07
Small millets,Geyzing,1997-1998,Kharif,1700,1610,0.95
Small millets,Geyzing,1998-1999,Kharif,1700,1600,0.94
Small millets,Geyzing,2000-2001,Kharif,1615,1529,0.95
Small millets,Geyzing,2001-2002,Kharif,1680,1580,0.94
Small millets,Geyzing,2002-2003,Kharif,1450,1300,0.9
Small millets,Geyzing,2003-2004,Kharif,1450,1250,0.86
Small millets,Geyzing,2004-2005,Kharif,1450,1250,0.86
Small millets,Geyzing,2005-2006,Kharif,1450,1350,0.93
Small millets,Geyzing,2006-2007,Kharif,1500,1450,0.97
Small millets,Geyzing,2007-2008,Kharif,770,780,1.01
Small millets,Geyzing,2008-2009,Kharif,780,760,0.97
Small millets,Geyzing,2009-2010,Kharif,1000,980,0.98
Small millets,Geyzing,2010-2011,Kharif,810,795,0.98
Small millets,Geyzing,2011-2012,Kharif,780,770,0.99
Small millets,Geyzing,2012-2013,Kharif,760,780,1.03
Small millets,Geyzing,2013-2014,Kharif,760,786,1.03
Small millets,Geyzing,2014-2015,Kharif,760,790,1.04
Small millets,Geyzing,2015-2016,Kharif,711,744,1.05
Small millets,Geyzing,2016-2017,Kharif,510,544,1.07
Small millets,Geyzing,2017-2018,Kharif,432,462,1.07
Small millets,Geyzing,2018-2019,Kharif,234,250,1.07
Small millets,Geyzing,2019-2020,Kharif,443,474,1.07
Small millets,Geyzing,2020-2021,Kharif,185,199,1.08
Small millets,Geyzing,2021-2022,Kharif,203,219,1.08
Small millets,Geyzing,2022-2023,Kharif,154,166,1.08
Small millets,Mangan,1997-1998,Kharif,700,650,0.93
Small millets,Mangan,1998-1999,Kharif,700,643,0.92
Small millets,Mangan,2000-2001,Kharif,688,633,0.92
Small millets,Mangan,2001-2002,Kharif,688,450,0.65
Small millets,Mangan,2002-2003,Kharif,580,330,0.57
Small millets,Mangan,2003-2004,Kharif,690,550,0.8
Small millets,Mangan,2004-2005,Kharif,690,530,0.77
Small millets,Mangan,2005-2006,Kharif,690,540,0.78
Small millets,Mangan,2006-2007,Kharif,690,640,0.93
Small millets,Mangan,2007-2008,Kharif,520,370,0.71
Small millets,Mangan,2008-2009,Kharif,600,570,0.95
Small millets,Mangan,2009-2010,Kharif,920,1010,1.1
Small millets,Mangan,2010-2011,Kharif,600,567,0.95
Small millets,Mangan,2011-2012,Kharif,610,570,0.93
Small millets,Mangan,2012-2013,Kharif,600,550,0.92
Small millets,Mangan,2013-2014,Kharif,610,570,0.93
Small millets,Mangan,2014-2015,Kharif,610,570,0.93
Small millets,Mangan,2015-2016,Kharif,609,584,0.96
Small millets,Mangan,2016-2017,Kharif,610,591,0.97
Small millets,Mangan,2017-2018,Kharif,609,591,0.97
Small millets,Mangan,2018-2019,Kharif,610,595,0.98
Small millets,Mangan,2019-2020,Kharif,610,595,0.98
Small millets,Mangan,2020-2021,Kharif,611,599,0.98
Small millets,Mangan,2021-2022,Kharif,621,611,0.98
Small millets,Mangan,2022-2023,Kharif,610,601,0.99
Small millets,Namchi,1997-1998,Kharif,1000,950,0.95
Small millets,Namchi,1998-1999,Kharif,1000,950,0.95
Small millets,Namchi,2000-2001,Kharif,1000,950,0.95
Small millets,Namchi,2001-2002,Kharif,1010,960,0.95
Small millets,Namchi,2002-2003,Kharif,1010,960,0.95
Small millets,Namchi,2003-2004,Kharif,1010,960,0.95
Small millets,Namchi,2004-2005,Kharif,1010,960,0.95
Small millets,Namchi,2005-2006,Kharif,1010,1010,1.0
Small millets,Namchi,2006-2007,Kharif,950,950,1.0
Small millets,Namchi,2007-2008,Kharif,850,680,0.8
Small millets,Namchi,2008-2009,Kharif,950,860,0.91
Small millets,Namchi,2009-2010,Kharif,1160,1080,0.93
Small millets,Namchi,2010-2011,Kharif,750,699,0.93
Small millets,Namchi,2011-2012,Kharif,720,670,0.93
Small millets,Namchi,2012-2013,Kharif,750,730,0.97
Small millets,Namchi,2013-2014,Kharif,750,740,0.99
Small millets,Namchi,2014-2015,Kharif,750,740,0.99
Small millets,Namchi,2015-2016,Kharif,700,710,1.01
Small millets,Namchi,2016-2017,Kharif,660,676,1.02
Small millets,Namchi,2017-2018,Kharif,600,615,1.03
Small millets,Namchi,2018-2019,Kharif,516,532,1.03
Small millets,Namchi,2019-2020,Kharif,475,490,1.03
Small millets,Namchi,2020-2021,Kharif,504,522,1.04
Small millets,Namchi,2021-2022,Kharif,465,483,1.04
Small millets,Namchi,2022-2023,Kharif,395,411,1.04
Small millets,Pakyong,2022-2023,Kharif,500,543,1.09
Small millets,Soreng,2022-2023,Kharif,88,95,1.08
Soyabean,Gangtok,1997-1998,Kharif,1000,810,0.81
Soyabean,Gangtok,1998-1999,Kharif,1000,810,0.81
Soyabean,Gangtok,1999-2000,Kharif,1000,830,0.83
Soyabean,Gangtok,2000-2001,Kharif,1000,830,0.83
Soyabean,Gangtok,2001-2002,Kharif,1000,790,0.79
Soyabean,Gangtok,2002-2003,Kharif,740,520,0.7
Soyabean,Gangtok,2003-2004,Kharif,740,620,0.84
Soyabean,Gangtok,2004-2005,Kharif,750,650,0.87
Soyabean,Gangtok,2005-2006,Kharif,750,700,0.93
Soyabean,Gangtok,2006-2007,Kharif,740,740,1.0
Soyabean,Gangtok,2007-2008,Kharif,600,530,0.88
Soyabean,Gangtok,2008-2009,Kharif,710,630,0.89
Soyabean,Gangtok,2009-2010,Kharif,1040,910,0.88
Soyabean,Gangtok,2010-2011,Kharif,1000,965,0.97
Soyabean,Gangtok,2011-2012,Kharif,930,890,0.96
Soyabean,Gangtok,2012-2013,Kharif,920,900,0.98
Soyabean,Gangtok,2013-2014,Kharif,920,906,0.98
Soyabean,Gangtok,2014-2015,Kharif,1100,1084,0.99
Soyabean,Gangtok,2015-2016,Kharif,1120,1120,1.0
Soyabean,Gangtok,2016-2017,Kharif,1125,1126,1.0
Soyabean,Gangtok,2017-2018,Kharif,1120,1121,1.0
Soyabean,Gangtok,2018-2019,Kharif,1027,1028,1.0
Soyabean,Gangtok,2019-2020,Kharif,1030,1032,1.0
Soyabean,Gangtok,2020-2021,Kharif,1030,1032,1.0
Soyabean,Gangtok,2022-2023,Kharif,299,300,1.0
Soyabean,Geyzing,1997-1998,Kharif,1300,1070,0.82
Soyabean,Geyzing,1998-1999,Kharif,1320,1000,0.76
Soyabean,Geyzing,1999-2000,Kharif,1350,1130,0.84
Soyabean,Geyzing,2000-2001,Kharif,1350,1131,0.84
Soyabean,Geyzing,2001-2002,Kharif,1350,1100,0.81
Soyabean,Geyzing,2002-2003,Kharif,1350,1000,0.74
Soyabean,Geyzing,2003-2004,Kharif,1350,1100,0.81
Soyabean,Geyzing,2004-2005,Kharif,1340,1090,0.81
Soyabean,Geyzing,2005-2006,Kharif,1340,1080,0.81
Soyabean,Geyzing,2006-2007,Kharif,1160,1160,1.0
Soyabean,Geyzing,2007-2008,Kharif,450,400,0.89
Soyabean,Geyzing,2008-2009,Kharif,1290,1140,0.88
Soyabean,Geyzing,2009-2010,Kharif,800,700,0.88
Soyabean,Geyzing,2010-2011,Kharif,1200,1051,0.88
Soyabean,Geyzing,2011-2012,Kharif,1190,1040,0.87
Soyabean,Geyzing,2012-2013,Kharif,1190,1090,0.92
Soyabean,Geyzing,2013-2014,Kharif,1210,1110,0.92
Soyabean,Geyzing,2014-2015,Kharif,1200,1102,0.92
Soyabean,Geyzing,2015-2016,Kharif,546,520,0.95
Soyabean,Geyzing,2016-2017,Kharif,480,457,0.95
Soyabean,Geyzing,2017-2018,Kharif,381,363,0.95
Soyabean,Geyzing,2018-2019,Kharif,367,350,0.95
Soyabean,Geyzing,2019-2020,Kharif,343,328,0.96
Soyabean,Geyzing,2020-2021,Kharif,338,323,0.96
Soyabean,Geyzing,2021-2022,Kharif,340,325,0.96
Soyabean,Geyzing,2022-2023,Kharif,295,284,0.96
Soyabean,Mangan,1997-1998,Kharif,400,315,0.79
Soyabean,Mangan,1998-1999,Kharif,400,155,0.39
Soyabean,Mangan,1999-2000,Kharif,400,266,0.67
Soyabean,Mangan,2000-2001,Kharif,400,269,0.67
Soyabean,Mangan,2001-2002,Kharif,400,274,0.69
Soyabean,Mangan,2002-2003,Kharif,400,240,0.6
Soyabean,Mangan,2003-2004,Kharif,400,300,0.75
Soyabean,Mangan,2004-2005,Kharif,400,310,0.78
Soyabean,Mangan,2005-2006,Kharif,400,310,0.78
Soyabean,Mangan,2006-2007,Kharif,310,310,1.0
Soyabean,Mangan,2007-2008,Kharif,40,310,7.75
Soyabean,Mangan,2008-2009,Kharif,300,250,0.83
Soyabean,Mangan,2009-2010,Kharif,630,520,0.83
Soyabean,Mangan,2010-2011,Kharif,500,413,0.83
Soyabean,Mangan,2011-2012,Kharif,300,250,0.83
Soyabean,Mangan,2012-2013,Kharif,300,250,0.83
Soyabean,Mangan,2013-2014,Kharif,300,257,0.86
Soyabean,Mangan,2014-2015,Kharif,300,257,0.86
Soyabean,Mangan,2015-2016,Kharif,302,260,0.86
Soyabean,Mangan,2016-2017,Kharif,300,260,0.87
Soyabean,Mangan,2017-2018,Kharif,302,263,0.87
Soyabean,Mangan,2018-2019,Kharif,300,261,0.87
Soyabean,Mangan,2019-2020,Kharif,306,266,0.87
Soyabean,Mangan,2020-2021,Kharif,321,280,0.87
Soyabean,Mangan,2021-2022,Kharif,328,286,0.87
Soyabean,Mangan,2022-2023,Kharif,306,267,0.87
Soyabean,Namchi,1997-1998,Kharif,1300,1100,0.85
Soyabean,Namchi,1998-1999,Kharif,1300,780,0.6
Soyabean,Namchi,1999-2000,Kharif,1400,1180,0.84
Soyabean,Namchi,2000-2001,Kharif,1400,1180,0.84
Soyabean,Namchi,2001-2002,Kharif,1400,1150,0.82
Soyabean,Namchi,2002-2003,Kharif,1400,1150,0.82
Soyabean,Namchi,2003-2004,Kharif,1400,1190,0.85
Soyabean,Namchi,2004-2005,Kharif,1400,120,0.09
Soyabean,Namchi,2005-2006,Kharif,140,1240,8.86
Soyabean,Namchi,2006-2007,Kharif,1020,1020,1.0
Soyabean,Namchi,2007-2008,Kharif,1270,1110,0.87
Soyabean,Namchi,2008-2009,Kharif,1300,1140,0.88
Soyabean,Namchi,2009-2010,Kharif,1730,1520,0.88
Soyabean,Namchi,2010-2011,Kharif,1500,1320,0.88
Soyabean,Namchi,2011-2012,Kharif,1450,1290,0.89
Soyabean,Namchi,2012-2013,Kharif,1450,1370,0.94
Soyabean,Namchi,2013-2014,Kharif,1450,1400,0.97
Soyabean,Namchi,2014-2015,Kharif,1460,1410,0.97
Soyabean,Namchi,2015-2016,Kharif,1310,1290,0.98
Soyabean,Namchi,2016-2017,Kharif,1270,1251,0.99
Soyabean,Namchi,2017-2018,Kharif,1268,1249,0.99
Soyabean,Namchi,2018-2019,Kharif,1268,1251,0.99
Soyabean,Namchi,2019-2020,Kharif,1250,1233,0.99
Soyabean,Namchi,2020-2021,Kharif,1268,1251,0.99
Soyabean,Namchi,2021-2022,Kharif,1244,1229,0.99
Soyabean,Namchi,2022-2023,Kharif,1168,1154,0.99
Soyabean,Pakyong,2021-2022,Kharif,1030,1032,1.0
Soyabean,Pakyong,2022-2023,Kharif,702,703,1.0
Soyabean,Soreng,2022-2023,Kharif,92,86,0.93
Urad,Gangtok,1997-1998,Kharif,980,740,0.76
Urad,Gangtok,1998-1999,Kharif,980,740,0.76
Urad,Gangtok,1999-2000,Kharif,980,740,0.76
Urad,Gangtok,2000-2001,Kharif,360,180,0.5
Urad,Gangtok,2001-2002,Kharif,360,180,0.5
Urad,Gangtok,2002-2003,Kharif,360,200,0.56
Urad,Gangtok,2003-2004,Kharif,360,200,0.56
Urad,Gangtok,2004-2005,Kharif,360,230,0.64
Urad,Gangtok,2005-2006,Kharif,410,300,0.73
Urad,Gangtok,2006-2007,Kharif,390,280,0.72
Urad,Gangtok,2007-2008,Kharif,390,280,0.72
Urad,Gangtok,2008-2009,Kharif,500,410,0.82
Urad,Gangtok,2009-2010,Kharif,830,710,0.86
Urad,Gangtok,2010-2011,Kharif,900,810,0.9
Urad,Gangtok,2011-2012,Kharif,870,780,0.9
Urad,Gangtok,2012-2013,Kharif,290,280,0.97
Urad,Gangtok,2013-2014,Kharif,290,284,0.98
Urad,Gangtok,2014-2015,Kharif,290,284,0.98
Urad,Gangtok,2015-2016,Kharif,290,290,1.0
Urad,Gangtok,2016-2017,Kharif,291,292,1.0
Urad,Gangtok,2017-2018,Kharif,287,288,1.0
Urad,Gangtok,2018-2019,Kharif,500,501,1.0
Urad,Gangtok,2019-2020,Kharif,455,459,1.01
Urad,Gangtok,2020-2021,Kharif,454,458,1.01
Urad,Gangtok,2021-2022,Kharif,456,1462,3.21
Urad,Gangtok,2022-2023,Kharif,241,244,1.01
Urad,Geyzing,1997-1998,Kharif,1700,1300,0.76
Urad,Geyzing,1998-1999,Kharif,1700,1280,0.75
Urad,Geyzing,1999-2000,Kharif,1700,1280,0.75
Urad,Geyzing,2000-2001,Kharif,1700,1279,0.75
Urad,Geyzing,2001-2002,Kharif,1700,1240,0.73
Urad,Geyzing,2002-2003,Kharif,1700,1280,0.75
Urad,Geyzing,2003-2004,Kharif,1700,1290,0.76
Urad,Geyzing,2004-2005,Kharif,1700,1290,0.76
Urad,Geyzing,2005-2006,Kharif,174,1340,7.7
Urad,Geyzing,2006-2007,Kharif,1800,1410,0.78
Urad,Geyzing,2007-2008,Kharif,190,130,0.68
Urad,Geyzing,2008-2009,Kharif,1400,1300,0.93
Urad,Geyzing,2009-2010,Kharif,850,700,0.82
Urad,Geyzing,2010-2011,Kharif,940,780,0.83
Urad,Geyzing,2011-2012,Kharif,830,700,0.84
Urad,Geyzing,2012-2013,Kharif,1220,1060,0.87
Urad,Geyzing,2013-2014,Kharif,1230,1070,0.87
Urad,Geyzing,2014-2015,Kharif,1210,1053,0.87
Urad,Geyzing,2015-2016,Kharif,914,811,0.89
Urad,Geyzing,2016-2017,Kharif,711,632,0.89
Urad,Geyzing,2017-2018,Kharif,703,626,0.89
Urad,Geyzing,2018-2019,Kharif,518,461,0.89
Urad,Geyzing,2019-2020,Kharif,634,565,0.89
Urad,Geyzing,2020-2021,Kharif,634,570,0.9
Urad,Geyzing,2021-2022,Kharif,638,574,0.9
Urad,Geyzing,2022-2023,Kharif,342,315,0.92
Urad,Mangan,1997-1998,Kharif,20,10,0.5
Urad,Mangan,1998-1999,Kharif,20,9,0.45
Urad,Mangan,1999-2000,Kharif,20,9,0.45
Urad,Mangan,2000-2001,Kharif,20,9,0.45
Urad,Mangan,2001-2002,Kharif,20,9,0.45
Urad,Mangan,2002-2003,Kharif,20,10,0.5
Urad,Mangan,2003-2004,Kharif,20,10,0.5
Urad,Mangan,2004-2005,Kharif,20,10,0.5
Urad,Mangan,2005-2006,Kharif,20,10,0.5
Urad,Mangan,2006-2007,Kharif,20,40,2.0
Urad,Mangan,2007-2008,Kharif,20,110,5.5
Urad,Mangan,2008-2009,Kharif,20,16,0.8
Urad,Mangan,2009-2010,Kharif,330,270,0.82
Urad,Mangan,2010-2011,Kharif,260,212,0.82
Urad,Mangan,2011-2012,Kharif,190,160,0.84
Urad,Mangan,2020-2021,Kharif,67,63,0.94
Urad,Mangan,2021-2022,Kharif,72,68,0.94
Urad,Namchi,1997-1998,Kharif,1700,1250,0.74
Urad,Namchi,1998-1999,Kharif,1700,1020,0.6
Urad,Namchi,1999-2000,Kharif,1700,1280,0.75
Urad,Namchi,2000-2001,Kharif,1700,1280,0.75
Urad,Namchi,2001-2002,Kharif,1700,1280,0.75
Urad,Namchi,2002-2003,Kharif,1700,1300,0.76
Urad,Namchi,2003-2004,Kharif,1700,1310,0.77
Urad,Namchi,2004-2005,Kharif,1700,1310,0.77
Urad,Namchi,2005-2006,Kharif,170,1330,7.82
Urad,Namchi,2006-2007,Kharif,1340,1050,0.78
Urad,Namchi,2007-2008,Kharif,1500,1320,0.88
Urad,Namchi,2008-2009,Kharif,1300,1100,0.85
Urad,Namchi,2009-2010,Kharif,1590,1350,0.85
Urad,Namchi,2010-2011,Kharif,1600,141,0.09
Urad,Namchi,2011-2012,Kharif,1530,1360,0.89
Urad,Namchi,2012-2013,Kharif,1760,1570,0.89
Urad,Namchi,2013-2014,Kharif,1760,1600,0.91
Urad,Namchi,2014-2015,Kharif,1730,1577,0.91
Urad,Namchi,2015-2016,Kharif,1700,1581,0.93
Urad,Namchi,2016-2017,Kharif,1720,1602,0.93
Urad,Namchi,2017-2018,Kharif,1700,1583,0.93
Urad,Namchi,2018-2019,Kharif,1700,1583,0.93
Urad,Namchi,2019-2020,Kharif,1700,1588,0.93
Urad,Namchi,2020-2021,Kharif,1700,1593,0.94
Urad,Namchi,2021-2022,Kharif,1685,1584,0.94
Urad,Namchi,2022-2023,Kharif,1628,1530,0.94
Urad,Pakyong,2022-2023,Kharif,210,214,1.02
Urad,Soreng,2022-2023,Kharif,322,287,0.89
Wheat,Gangtok,1997-1998,Rabi,2800,5100,1.82
Wheat,Gangtok,1998-1999,Rabi,2720,2370,0.87
Wheat,Gangtok,1999-2000,Rabi,2550,4310,1.69
Wheat,Gangtok,2000-2001,Rabi,1490,2150,1.44
Wheat,Gangtok,2001-2002,Rabi,2700,3640,1.35
Wheat,Gangtok,2002-2003,Rabi,2530,3310,1.31
Wheat,Gangtok,2003-2004,Rabi,1950,2470,1.27
Wheat,Gangtok,2004-2005,Rabi,1430,2280,1.59
Wheat,Gangtok,2005-2006,Rabi,1430,2800,1.96
Wheat,Gangtok,2006-2007,Rabi,1430,2810,1.97
Wheat,Gangtok,2007-2008,Rabi,1640,1640,1.0
Wheat,Gangtok,2008-2009,Rabi,1250,1210,0.97
Wheat,Gangtok,2009-2010,Rabi,1730,1630,0.94
Wheat,Gangtok,2010-2011,Rabi,1000,1180,1.18
Wheat,Gangtok,2011-2012,Rabi,900,1060,1.18
Wheat,Gangtok,2012-2013,Rabi,160,180,1.13
Wheat,Gangtok,2013-2014,Rabi,150,170,1.13
Wheat,Gangtok,2014-2015,Rabi,150,170,1.13
Wheat,Gangtok,2015-2016,Rabi,143,162,1.13
Wheat,Gangtok,2016-2017,Rabi,120,137,1.14
Wheat,Gangtok,2017-2018,Rabi,120,137,1.14
Wheat,Gangtok,2018-2019,Rabi,113,129,1.14
Wheat,Gangtok,2019-2020,Rabi,113,130,1.15
Wheat,Gangtok,2020-2021,Rabi,104,120,1.15
Wheat,Gangtok,2021-2022,Rabi,103,119,1.16
Wheat,Gangtok,2022-2023,Rabi,370,420,1.14
Wheat,Geyzing,1997-1998,Rabi,2600,4694,1.81
Wheat,Geyzing,1998-1999,Rabi,2600,2200,0.85
Wheat,Geyzing,1999-2000,Rabi,2550,4300,1.69
Wheat,Geyzing,2000-2001,Rabi,2720,4063,1.49
Wheat,Geyzing,2001-2002,Rabi,2880,4010,1.39
Wheat,Geyzing,2002-2003,Rabi,2670,3620,1.36
Wheat,Geyzing,2003-2004,Rabi,2670,3620,1.36
Wheat,Geyzing,2004-2005,Rabi,1960,3000,1.53
Wheat,Geyzing,2005-2006,Rabi,1960,3250,1.66
Wheat,Geyzing,2006-2007,Rabi,2100,3500,1.67
Wheat,Geyzing,2007-2008,Rabi,910,910,1.0
Wheat,Geyzing,2008-2009,Rabi,1020,820,0.8
Wheat,Geyzing,2009-2010,Rabi,1100,800,0.73
Wheat,Geyzing,2010-2011,Rabi,810,621,0.77
Wheat,Geyzing,2011-2012,Rabi,790,710,0.9
Wheat,Geyzing,2012-2013,Rabi,150,150,1.0
Wheat,Geyzing,2014-2015,Rabi,40,40,1.0
Wheat,Geyzing,2015-2016,Rabi,20,21,1.05
Wheat,Mangan,1997-1998,Rabi,740,1346,1.82
Wheat,Mangan,1998-1999,Rabi,1041,826,0.79
Wheat,Mangan,1999-2000,Rabi,1040,1649,1.59
Wheat,Mangan,2000-2001,Rabi,1045,1300,1.24
Wheat,Mangan,2001-2002,Rabi,1050,785,0.75
Wheat,Mangan,2002-2003,Rabi,1050,1050,1.0
Wheat,Mangan,2003-2004,Rabi,105,106,1.01
Wheat,Mangan,2004-2005,Rabi,850,900,1.06
Wheat,Mangan,2005-2006,Rabi,850,900,1.06
Wheat,Mangan,2006-2007,Rabi,850,900,1.06
Wheat,Mangan,2007-2008,Rabi,40,40,1.0
Wheat,Mangan,2008-2009,Rabi,380,320,0.84
Wheat,Mangan,2009-2010,Rabi,810,980,1.21
Wheat,Mangan,2010-2011,Rabi,470,498,1.06
Wheat,Mangan,2011-2012,Rabi,440,470,1.07
Wheat,Mangan,2012-2013,Rabi,50,50,1.0
Wheat,Mangan,2013-2014,Rabi,50,45,0.9
Wheat,Mangan,2014-2015,Rabi,50,50,1.0
Wheat,Mangan,2015-2016,Rabi,50,45,0.9
Wheat,Mangan,2016-2017,Rabi,50,46,0.92
Wheat,Mangan,2017-2018,Rabi,52,48,0.92
Wheat,Mangan,2018-2019,Rabi,50,47,0.94
Wheat,Mangan,2019-2020,Rabi,52,48,0.92
Wheat,Namchi,1997-1998,Rabi,1950,3060,1.57
Wheat,Namchi,1998-1999,Rabi,1580,1020,0.65
Wheat,Namchi,1999-2000,Rabi,1960,2590,1.32
Wheat,Namchi,2000-2001,Rabi,1960,2590,1.32
Wheat,Namchi,2001-2002,Rabi,2080,2050,0.99
Wheat,Namchi,2002-2003,Rabi,2080,2420,1.16
Wheat,Namchi,2003-2004,Rabi,2080,2490,1.2
Wheat,Namchi,2004-2005,Rabi,1500,2070,1.38
Wheat,Namchi,2005-2006,Rabi,1500,2300,1.53
Wheat,Namchi,2006-2007,Rabi,2000,3150,1.58
Wheat,Namchi,2007-2008,Rabi,1870,1870,1.0
Wheat,Namchi,2008-2009,Rabi,1250,1150,0.92
Wheat,Namchi,2009-2010,Rabi,1560,1310,0.84
Wheat,Namchi,2010-2011,Rabi,370,411,1.11
Wheat,Namchi,2011-2012,Rabi,370,410,1.11
Wheat,Namchi,2012-2013,Rabi,160,170,1.06
Wheat,Namchi,2013-2014,Rabi,160,170,1.06
Wheat,Namchi,2014-2015,Rabi,150,160,1.07
Wheat,Namchi,2015-2016,Rabi,110,118,1.07
Wheat,Namchi,2016-2017,Rabi,95,103,1.08
Wheat,Pakyong,2022-2023,Rabi,56,66,1.18